latitude,longitude,Bus_lon,Bus_lat
-6.204271317,53.30654437,53.348856,-6.247646
-6.286895,53.3585263,53.342091,-6.237206
-6.344877524,53.34838472,53.342063,-6.259898
-6.378992915,53.33700422,,
-6.276821,53.344451,,
-6.393587,53.324796,,
-6.150398,53.401203,,
-6.243946552,53.37607094,,
-6.23634088,53.34284249,,
-6.250574,53.331222,,
-6.29199028,53.36074563,,
-6.239762306,53.36520488,,
-6.3013582,53.4037965,,
-6.060108,53.383039,,
-6.320743561,53.34009833,,
-6.322549,53.337573,,
-6.480152607,53.27807075,,
-6.214853,53.278246,,
-6.277640002,53.348423,,
-6.2208578,53.2591817,,
-6.3444421,53.3286528,,
-6.203047851,53.36880353,,
-6.2964103,53.3146957,,
-6.156721115,53.2870638,,
-6.37651004,53.39304105,,
-6.431357,53.28331,,
-6.4533381,53.3363358,,
-6.20202899,53.60820494,,
-6.248789,53.280687,,
-6.18633,53.5918856,,
-6.1641457,53.2629969,,
-6.17623043,53.25066533,,
-6.392583847,53.36408515,,
-6.392669678,53.36429514,,
-6.2128531,53.36491,,
-6.273785,53.336637,,
-6.34093,53.279748,,
-6.153901,53.38936,,
-6.420899928,53.34173749,,
-6.461234,53.349228,,
-6.1964998,53.4521505,,
-6.2821108,53.3600229,,
-6.252644,53.329035,,
-6.287436,53.279717,,
-6.2833481,53.2900204,,
-6.274982,53.289912,,
-6.3214171,53.247934,,
-6.267957687,53.31630055,,
-6.261992,53.324473,,
-6.275392771,53.3208766,,
-6.2323005,53.3414546,,
-6.116004,53.286115,,
-6.243109703,53.38884562,,
-6.12736702,53.22508901,,
-6.280152,53.336612,,
-6.207452,53.283097,,
-6.332161,53.318299,,
-6.311094,53.376839,,
-6.238571405,53.33235302,,
-6.371345409,53.39238858,,
-6.159081459,53.28057399,,
-6.1454823,53.2479619,,
-6.404871047,53.37232814,,
-6.33733,53.372272,,
-6.150646523,53.40189784,,
-6.149917692,53.48644084,,
-6.2679116,53.3524931,,
-6.281982,53.336216,,
-6.269565753,53.34203447,,
-6.2839811,53.3453687,,
-6.2421006,53.2887303,,
-6.243908,53.282722,,
-6.140461564,53.26841492,,
-6.13528,53.29495,,
-6.3409526,53.2808294,,
-6.239322424,53.34536998,,
-6.320406,53.339978,,
-6.3046459,53.3412598,,
-6.431897,53.355552,,
-6.2478926,53.3141336,,
-6.278393,53.292416,,
-6.279437542,53.29191233,,
-6.273978,53.312983,,
-6.26738,53.312567,,
-6.135134697,53.21167414,,
-6.4456744,53.278443,,
-6.251774,53.40655,,
-6.2273197,53.3988669,,
-6.191299,53.281376,,
-6.2130442,53.4632285,,
-6.23488605,53.44479726,,
-6.266817749,53.34454373,,
-6.323805,53.30659,,
-6.3020904,53.3095582,,
-6.1269047,53.2849681,,
-6.2712559,53.3664241,,
-6.330104,53.280745,,
-6.328657,53.284654,,
-6.311093,53.366122,,
-6.521022,53.282356,,
-6.213028,53.326973,,
-6.222960949,53.45891376,,
-6.3792791,53.3008734,,
-6.324832,53.303419,,
-6.3462167,53.346636,,
-6.425392628,53.28249695,,
-6.1847113,53.2768442,,
-6.4612465,53.3482686,,
-6.490354,53.298003,,
-6.317511255,53.27265474,,
-6.209700108,53.44401703,,
-6.2073999,53.3842005,,
-6.1865759,53.6098157,,
-6.1984147,53.6141132,,
-6.199293137,53.61490087,,
-6.2017541,53.6083378,,
-6.1256235,53.3956399,,
-6.3334109,53.2730464,,
-6.343705,53.271519,,
-6.355128,53.336659,,
-6.3510548,53.3419786,,
-6.158908,53.265387,,
-6.1588355,53.2691319,,
-6.188438237,53.29180491,,
-6.173692,53.280951,,
-6.3813359,53.3946714,,
-6.35605216,53.26045764,,
-6.437844955,53.24813606,,
-6.4101481,53.2788435,,
-6.1477915,53.2634793,,
-6.1444254,53.2581018,,
-6.2852908,53.3675431,,
-6.3007272,53.3713615,,
-6.28329,53.36218,,
-6.297139,53.362438,,
-6.2971339,53.3624386,,
-6.191891,53.259109,,
-6.178407,53.247944,,
-6.392771816,53.36436761,,
-6.236969,53.335892,,
-6.1647419,53.3986246,,
-6.378225,53.321696,,
-6.3974351,53.3153161,,
-6.407221,53.308574,,
-6.408208,53.3859544,,
-6.187909,53.359478,,
-6.315445,53.321071,,
-6.296173,53.331123,,
-6.29594,53.330822,,
-6.10611,53.280604,,
-6.108162,53.280688,,
-6.112611,53.279353,,
-6.102064,53.270026,,
-6.114787,53.271806,,
-6.114985,53.280739,,
-6.253709,53.310959,,
-6.261931,53.310815,,
-6.141048,53.49458026,,
-6.238220866,53.32201366,,
-6.329001,53.32953,,
-6.240389,53.379035,,
-6.243082881,53.34380393,,
-6.295959,53.340582,,
-6.246698499,53.29438769,,
-6.152071,53.278048,,
-6.14849,53.280715,,
-6.175469,53.255718,,
-6.163971,53.275722,,
-6.1716112,53.2730099,,
-6.274476,53.378193,,
-6.2823501,53.3961507,,
-6.268429756,53.36832575,,
-6.1269047,53.2849681,,
-6.1295577,53.2809758,,
-6.225072,53.291023,,
-6.224889,53.290082,,
-6.063483789,53.37415304,,
-6.121513,53.259766,,
-6.118417,53.266444,,
-6.121226,53.245009,,
-6.1236395,53.25953464,,
-6.1226744,53.2602488,,
-6.317718,53.341645,,
-6.3074635,53.3411693,,
-6.3551,53.301052,,
-6.20746851,53.24988628,,
-6.3734835,53.3023266,,
-6.31914,53.288348,,
-6.31927,53.288332,,
-6.311035,53.275512,,
-6.308161,53.285424,,
-6.323116,53.280142,,
-6.437237,53.335696,,
-6.450463,53.339209,,
-6.4277067,53.3436486,,
-6.4379392,53.3413659,,
-6.480849,53.356983,,
-7.8516948,51.9527196,,
-6.1529604,53.2916771,,
-6.145377,53.293725,,
-6.215499,53.293051,,
-6.4038063,53.3984057,,
-6.288306,53.586377,,
-6.284207832,53.58292136,,
-6.312225985,53.36996894,,
-6.289033,53.351404,,
-6.490988731,53.29777344,,
-6.277960408,53.35846316,,
-6.239347905,53.35814822,,
-6.3724855,53.3475833,,
-6.3704609,53.3509194,,
-6.1796408,53.3907538,,
-6.177428633,53.38169028,,
-6.2541359,53.3222395,,
-6.25197,53.321566,,
-6.254356,53.324593,,
-6.4695473,53.2776446,,
-6.298934,53.294927,,
-6.2829817,53.3055096,,
-6.28479036,53.28928936,,
-6.292058,53.296688,,
-6.261754713,53.26922965,,
-6.304372,53.292988,,
-6.291073,53.283827,,
-6.278826,53.302798,,
-6.285385,53.298695,,
-6.279992,53.303718,,
-6.2870121,53.29447747,,
-6.3033286,53.2920747,,
-6.279907,53.316659,,
-6.279845,53.316724,,
-6.269859,53.317246,,
-6.276528,53.315165,,
-6.273627,53.316969,,
-6.263304,53.305114,,
-6.135587,53.210309,,
-6.277828217,53.32030392,,
-6.263547,53.313928,,
-6.272549,53.321701,,
-6.268590689,53.32428589,,
-6.440802813,53.28214202,,
-6.11104,53.285732,,
-6.117693,53.279805,,
-6.2172558,53.3340221,,
-6.214399,53.326041,,
-6.2143,53.329374,,
-6.260049,53.392006,,
-6.261959471,53.39202622,,
-6.121017,53.22811,,
-6.285224,53.331097,,
-6.282482979,53.33539334,,
-6.20591,53.25138,,
-6.219656,53.284356,,
-6.2848556,53.3509035,,
-6.283072,53.353333,,
-6.28303,53.350506,,
-6.284338082,53.35244751,,
-6.2397822,53.4739449,,
-6.313617,53.462408,,
-6.3838123,53.2897405,,
-6.369783,53.273303,,
-6.3579492,53.2839808,,
-6.353919,53.2835618,,
-6.2799,53.31355,,
-6.287741,53.305392,,
-6.30667,53.306621,,
-6.286191,53.307548,,
-6.288573,53.314815,,
-6.279262,53.339671,,
-6.3231614,53.324876,,
-6.36449039,53.47406772,,
-6.402854025,53.47943803,,
-6.263171,53.39653,,
-6.2639642,53.3967384,,
-6.2940012,53.3490118,,
-6.293773,53.3486957,,
-6.2118513,53.3842782,,
-6.212666631,53.3830212,,
-6.1999705,53.3815093,,
-6.2118513,53.3842782,,
-6.1999705,53.3815093,,
-6.31828,53.376074,,
-6.326178,53.3760835,,
-6.326258,53.375771,,
-6.3110887,53.37684,,
-6.324101,53.3766,,
-6.317532,53.377553,,
-6.316816807,53.37606326,,
-6.3125301,53.3771454,,
-6.317248106,53.37644728,,
-6.332503,53.376067,,
-6.328107,53.378241,,
-6.3177455,53.3759207,,
-6.312202,53.377424,,
-6.324129,53.376935,,
-6.310791,53.377402,,
-6.326577,53.375898,,
-6.3273992,53.3783963,,
-6.3607701,53.3724154,,
-6.3169335,53.3767781,,
-6.3313701,53.3760965,,
-6.317916,53.376955,,
-6.1771012,53.6022058,,
-6.197061539,53.61165488,,
-6.19078669,53.61017563,,
-6.1820533,53.6112258,,
-6.207575798,53.61194767,,
-6.188294,53.613292,,
-6.1820534,53.6112258,,
-6.204292774,53.6130806,,
-6.202313,53.613277,,
-6.203992281,53.61368023,,
-6.1910415,53.6095329,,
-6.204976737,53.61319676,,
-6.204859703,53.61396044,,
-6.211522,53.6112689,,
-6.1471286,53.3988429,,
-6.125066,53.39393,,
-6.1501378,53.4509236,,
-6.253690303,53.27409939,,
-6.256855,53.273494,,
-6.25481,53.271691,,
-6.225157,53.328873,,
-6.250117,53.331135,,
-6.237329,53.329463,,
-6.229577,53.331968,,
-6.229290962,53.33351266,,
-6.235814095,53.33789212,,
-6.243251,53.334802,,
-6.2389174,53.3382356,,
-6.231732713,53.32735716,,
-6.232338,53.33439,,
-6.23705864,53.33831748,,
-6.221032965,53.32702663,,
-9.084946876,53.26867067,,
-6.237334,53.329462,,
-6.226594,53.320048,,
-6.223166,53.327397,,
-6.229183,53.333042,,
-6.2399246,53.3288165,,
-6.242268,53.335479,,
-6.234698296,53.33840717,,
-6.237038,53.334012,,
-6.2502784,53.3313536,,
-6.237625,53.333191,,
-6.203515,53.314251,,
-6.246873,53.331364,,
-6.232872392,53.32484616,,
-6.238496304,53.33225691,,
-6.209131,53.318777,,
-6.242444515,53.33566529,,
-6.336933374,53.26905496,,
-6.339540482,53.2751197,,
-6.337349653,53.26950443,,
-6.328556,53.270773,,
-6.35471,53.3369381,,
-6.262218133,53.39425456,,
-6.265192,53.400287,,
-6.265073,53.400369,,
-6.261799335,53.40058763,,
-6.190264,53.300635,,
-6.167539,53.294196,,
-6.167381,53.294007,,
-6.203033,53.305584,,
-6.186037,53.279924,,
-6.202898,53.303761,,
-6.1860366,53.2799235,,
-6.16421,53.288808,,
-6.202932,53.297284,,
-6.196078,53.299496,,
-6.186874509,53.30370071,,
-6.163275,53.288031,,
-6.193632,53.292879,,
-6.179680824,53.2928358,,
-6.176109,53.288084,,
-6.162841,53.28773,,
-6.172739,53.300234,,
-6.187647,53.302735,,
-6.193968,53.292303,,
-6.194955061,53.29331312,,
-6.193968,53.292303,,
-6.17913,53.293002,,
-6.194593906,53.29791451,,
-6.390492,53.388349,,
-6.372043,53.392132,,
-6.372278,53.393582,,
-6.394872,53.391374,,
-6.393991,53.38716,,
-6.378059,53.392766,,
-6.371149449,53.39599207,,
-6.3932206,53.3879699,,
-6.311162,53.377106,,
-6.392209,53.387894,,
-6.367453,53.391653,,
-6.394561998,53.3915159,,
-6.203946,53.306597,,
-6.203946,53.306597,,
-6.204871,53.300264,,
-6.199283,53.301604,,
-6.20332,53.311763,,
-6.203874,53.299941,,
-6.1461739,53.2474418,,
-6.145793,53.247443,,
-6.143271,53.250159,,
-6.145937,53.247393,,
-6.1431308,53.2464763,,
-6.1498759,53.2566735,,
-6.1439227,53.2504298,,
-6.1442133,53.2473376,,
-6.1439227,53.2504298,,
-6.1442133,53.2473376,,
-6.151994,53.261301,,
-6.392347813,53.3773894,,
-6.179702282,53.24781921,,
-6.177318,53.24782,,
-6.178650856,53.24754958,,
-6.178650856,53.24754958,,
-6.178650856,53.24754958,,
-6.3628851,53.3671693,,
-6.3673502,53.38087,,
-6.402829885,53.37357727,,
-6.367594,53.371248,,
-6.367124,53.382113,,
-6.3393014,53.3727265,,
-6.336233,53.373164,,
-6.402722718,53.37215514,,
-6.339690915,53.37233649,,
-6.3706031,53.3720781,,
-6.402224,53.372686,,
-6.363798,53.374702,,
-6.401902,53.376992,,
-6.401656,53.376645,,
-6.3628851,53.3671693,,
-6.3462167,53.346636,,
-6.3452622,53.3493249,,
-6.346273,53.346079,,
-6.344352397,53.34840921,,
-6.345679853,53.34983251,,
-6.3796487,53.3364602,,
-6.379538,53.3368541,,
-6.3811998,53.3377332,,
-6.275371313,53.34045866,,
-6.273171902,53.33926557,,
-6.271138,53.342332,,
-6.275770159,53.33776066,,
-6.274781227,53.34285274,,
-6.2710628,53.3434826,,
-6.4254783,53.282338,,
-6.424485886,53.28322465,,
-6.417708,53.277482,,
-6.42640278,53.2828486,,
-6.3034682,53.2982762,,
-6.425770162,53.28322547,,
-6.370611191,53.27309105,,
-6.4277612,53.2832416,,
-6.3703408,53.2736464,,
-6.4183737,53.2780293,,
-6.418180581,53.27818326,,
-6.4145233,53.277086,,
-6.4288329,53.2849836,,
-6.423837705,53.28432568,,
-6.4201423,53.2969872,,
-6.422734022,53.28359253,,
-6.181171917,53.40407402,,
-6.182663441,53.39984817,,
-6.181247234,53.40043667,,
-6.181569099,53.39945156,,
-6.1801432,53.404221,,
-6.182540059,53.39987375,,
-6.1790387,53.4047914,,
-6.1801432,53.404221,,
-6.180496,53.404445,,
-6.401274,53.325236,,
-6.3980476,53.3443936,,
-6.382713318,53.32775641,,
-6.393099,53.3243492,,
-6.393099,53.3243492,,
-6.393125,53.324418,,
-6.393125,53.324418,,
-6.4005664,53.3243671,,
-6.394804,53.326247,,
-6.382627487,53.32783331,,
-6.424026,53.324034,,
-6.393030655,53.32412858,,
-6.424026,53.324034,,
-6.371244,53.3188301,,
-6.3924925,53.32422997,,
-6.382842064,53.32775641,,
-6.371244,53.3188301,,
-6.3976682,53.3450848,,
-6.371244,53.3188301,,
-6.371244,53.3188301,,
-6.383713001,53.32792072,,
-6.443842,53.406686,,
-6.443674564,53.40749168,,
-6.444270627,53.40802547,,
-6.443524361,53.4079074,,
-6.4285762,53.3980007,,
-6.154628992,53.40012963,,
-6.1515643,53.4022629,,
-6.150158,53.400704,,
-6.154519106,53.40227368,,
-6.214169,53.408532,,
-6.215434,53.405249,,
-6.215772629,53.40620613,,
-6.403224526,53.3809497,,
-6.3986169,53.3800057,,
-6.399643421,53.3800902,,
-6.402837862,53.38082902,,
-6.430312905,53.39140321,,
-6.2280041,53.3003154,,
-6.2302652,53.2980183,,
-6.238638,53.305992,,
-6.228462,53.300665,,
-6.220439,53.298988,,
-6.190824,53.368391,,
-6.182091,53.363218,,
-6.2192637,53.3661718,,
-6.183379,53.363147,,
-6.183251025,53.36308634,,
-6.197391,53.360758,,
-6.180388,53.362431,,
-6.17951,53.363042,,
-6.193937,53.363522,,
-6.2192637,53.3661718,,
-6.181068,53.361576,,
-6.219809,53.364468,,
-6.2192637,53.3661718,,
-6.193908,53.363693,,
-6.182180643,53.36306335,,
-6.226734817,53.39868713,,
-6.104106903,53.28374134,,
-6.097136,53.271828,,
-6.097334,53.272257,,
-6.104621887,53.28388887,,
-6.0933777,53.2738298,,
-6.2562288,53.3124905,,
-6.25605,53.31259,,
-6.253796111,53.30993907,,
-6.148039,53.487679,,
-6.155225,53.488196,,
-6.149904,53.484926,,
-6.152080894,53.48731461,,
-6.15187,53.487338,,
-6.155144,53.488397,,
-6.17487,53.493282,,
-6.159736,53.487939,,
-6.150197983,53.48701139,,
-6.149579,53.487323,,
-6.15938,53.48901,,
-6.157247,53.489186,,
-6.2240513,53.3122999,,
-6.246446,53.325751,,
-6.2150244,53.3184299,,
-6.22625,53.313185,,
-6.244422,53.325878,,
-6.231404,53.316417,,
-6.244128,53.325695,,
-6.221651,53.31133,,
-6.231265,53.319599,,
-6.243549,53.327477,,
-6.246082,53.325952,,
-6.24618205,53.3261748,,
-6.2301694,53.318946,,
-6.2591388,53.3658607,,
-6.2369135,53.373804,,
-6.2433479,53.3641913,,
-6.23528823,53.37969805,,
-6.243560314,53.37681338,,
-6.250255108,53.37375393,,
-6.244489924,53.37602446,,
-6.249442,53.363268,,
-6.248078,53.364312,,
-6.244433,53.375934,,
-6.259948,53.365144,,
-6.242748,53.377014,,
-6.24674836,53.36426287,,
-6.263696,53.347678,,
-6.2678916,53.3464158,,
-6.26723,53.35162,,
-6.238143,53.349776,,
-6.261281633,53.34709825,,
-6.264864,53.355418,,
-6.238759412,53.34988461,,
-6.2631109,53.3467588,,
-6.258349,53.353989,,
-6.25328,53.351397,,
-6.258349,53.353989,,
-6.2867838,53.291295,,
-6.261557365,53.34749406,,
-6.231125636,53.34985328,,
-6.2679116,53.3524931,,
-6.256096198,53.35020001,,
-6.25521183,53.35162581,,
-6.25838534,53.35580388,,
-6.264247656,53.35111489,,
-6.23553478,53.34813375,,
-6.26421065,53.35096999,,
-6.251306534,53.35090995,,
-6.2631109,53.3467588,,
-6.268912,53.3492476,,
-6.267827895,53.3493997,,
-6.2661897,53.346945,,
-6.263412684,53.34785425,,
-6.257641,53.355563,,
-6.247937679,53.34965216,,
-6.2576361,53.3555635,,
-6.250616,53.352433,,
-6.251027584,53.35265185,,
-6.270596981,53.35095863,,
-6.258709431,53.35408631,,
-6.259782314,53.35350997,,
-6.266321845,53.34745324,,
-6.260423,53.331932,,
-6.247449,53.344305,,
-6.254889965,53.34678546,,
-6.24148,53.338592,,
-6.269177,53.343546,,
-6.264516,53.332334,,
-6.247719,53.345492,,
-6.261799673,53.33702041,,
-6.246880301,53.33467877,,
-6.254869672,53.34575054,,
-6.243712888,53.34337732,,
-6.254845,53.345728,,
-6.246880301,53.33467877,,
-6.246880301,53.33467877,,
-6.260528,53.346417,,
-6.245362759,53.33589592,,
-6.236797,53.345488,,
-6.247912,53.345497,,
-6.254845,53.345728,,
-6.265956759,53.33888762,,
-6.268463,53.3435916,,
-6.2684952,53.3449854,,
-6.243598,53.340887,,
-6.2673661,53.3466904,,
-6.244461536,53.33889403,,
-6.2676874,53.3441377,,
-6.250917,53.338109,,
-6.2379528,53.345777,,
-6.225339694,53.33353335,,
-6.2271879,53.32933535,,
-6.234548,53.338535,,
-6.228739,53.333463,,
-6.233056784,53.3246661,,
-6.228739,53.333463,,
-6.231676,53.341598,,
-6.205135471,53.31286294,,
-6.2345117,53.3413807,,
-6.232233346,53.32493311,,
-6.232233346,53.32493311,,
-6.2815779,53.3498066,,
-6.285193847,53.34745866,,
-6.268969259,53.35682426,,
-6.275717,53.346421,,
-6.272863,53.349099,,
-6.28332818,53.34735448,,
-6.275083848,53.3514087,,
-6.2885935,53.3366225,,
-6.2758007,53.3390596,,
-6.267985,53.339878,,
-6.287838953,53.33639207,,
-6.2797282,53.3383511,,
-6.282935143,53.34572226,,
-6.270704269,53.33624827,,
-6.2834408,53.3456774,,
-6.288737,53.336697,,
-6.287394,53.33819,,
-6.267985,53.339878,,
-6.280268,53.33827,,
-6.282556,53.345849,,
-6.2822162,53.3379655,,
-6.2763095,53.340676,,
-6.279808,53.338641,,
-6.28764,53.33842,,
-6.275003,53.33318,,
-6.2797282,53.3383511,,
-6.282283,53.33655,,
-6.26682198,53.33448123,,
-6.273809,53.339936,,
-6.2835266,53.3464802,,
-6.280894,53.346079,,
-6.295275,53.347226,,
-6.2696934,53.3396035,,
-6.2809393,53.3458886,,
-6.2885935,53.3366225,,
-6.274587,53.335596,,
-6.276687896,53.34530023,,
-6.286868,53.337217,,
-6.2905848,53.3436094,,
-6.2688589,53.3407133,,
-6.290486504,53.33437471,,
-6.275961399,53.33447367,,
-6.0957426,53.5215761,,
-6.268468,53.344624,,
-6.287856415,53.34024054,,
-6.295948866,53.33794147,,
-6.289769056,53.339133,,
-6.2811198,53.3371476,,
-6.243578195,53.28061705,,
-6.242264,53.288634,,
-6.242009,53.288916,,
-6.235792637,53.2864314,,
-6.236958,53.286535,,
-6.23825,53.292411,,
-6.245494,53.29473,,
-6.242331862,53.28052411,,
-6.2447162,53.2952393,,
-6.243231,53.283286,,
-6.2421006,53.2887303,,
-6.234582,53.28538,,
-6.234778,53.286403,,
-6.136249,53.294943,,
-6.134012998,53.29354292,,
-6.135521472,53.29273126,,
-6.129909,53.291825,,
-6.137106,53.295991,,
-6.142157,53.269948,,
-6.142159,53.295806,,
-6.136443,53.295942,,
-6.156134,53.281101,,
-6.142157,53.269948,,
-6.137106,53.295991,,
-6.146728,53.295465,,
-6.13375,53.293483,,
-6.142912,53.269103,,
-6.135141,53.290861,,
-6.144162,53.289905,,
-6.132005,53.2899109,,
-6.1423032,53.2712731,,
-6.134490967,53.2949007,,
-6.142162085,53.28674311,,
-6.142162085,53.28674311,,
-6.142162085,53.28674311,,
-6.140254794,53.28236416,,
-6.230032,53.352891,,
-6.235781908,53.35819728,,
-6.239562,53.364091,,
-6.238987,53.364037,,
-6.244225502,53.36356273,,
-6.293878,53.401148,,
-6.2993465,53.4025361,,
-6.299674273,53.39285459,,
-6.2897619,53.3817894,,
-6.299225,53.392517,,
-6.288829208,53.3808946,,
-6.289061308,53.40569318,,
-6.180260181,53.26608564,,
-6.181218,53.264104,,
-6.2766741,53.3768281,,
-6.277882,53.377308,,
-6.276789,53.37932,,
-6.277282,53.376983,,
-6.268875,53.375258,,
-6.272172,53.365801,,
-6.2897619,53.3817894,,
-6.232121,53.298941,,
-6.232602,53.298758,,
-6.23488605,53.34272463,,
-6.237155199,53.3423403,,
-6.240182,53.342833,,
-6.237015724,53.34515605,,
-6.236945987,53.34564219,,
-6.237616164,53.34563282,,
-6.2305803,53.341769,,
-6.231125593,53.34197199,,
-6.240182,53.342833,,
-6.236797,53.345488,,
-6.236069,53.345826,,
-6.23157,53.3422883,,
-6.231844425,53.34040581,,
-6.234961152,53.34278068,,
-6.238185167,53.34446687,,
-6.236393191,53.34261181,,
-6.237224936,53.33864332,,
-6.240212917,53.34273744,,
-6.065347393,53.38714787,,
-6.057367,53.377559,,
-6.0844953,53.3913248,,
-6.0687464,53.3876348,,
-6.0659362,53.3867664,,
-6.0844953,53.3913248,,
-6.0630905,53.3874454,,
-6.066053,53.386397,,
-6.084594,53.391509,,
-6.060583,53.380111,,
-6.239034,53.349712,,
-6.230578423,53.34914108,,
-6.238601,53.349967,,
-6.238678694,53.34935499,,
-6.247654,53.35068,,
-6.23786529,53.3484026,,
-6.243978739,53.34922491,,
-6.237941,53.349291,,
-6.243911,53.348303,,
-6.23760581,53.34961949,,
-6.242611,53.349353,,
-6.239243,53.350015,,
-6.241755,53.349687,,
-6.246019,53.350602,,
-6.244697571,53.34974438,,
-6.238833,53.350247,,
-6.230320705,53.34867781,,
-6.319058,53.338906,,
-6.319155,53.339186,,
-6.322482,53.337516,,
-6.320015,53.339136,,
-6.319616437,53.33914917,,
-6.3153443,53.3408563,,
-6.314768,53.341221,,
-6.311108172,53.3411083,,
-6.319831,53.338983,,
-6.325990094,53.33620588,,
-6.321674046,53.33861624,,
-6.310771,53.346834,,
-6.3001412,53.347999,,
-6.310734,53.346629,,
-6.302529,53.348092,,
-6.311464702,53.34697534,,
-6.1528968,53.388161,,
-6.200666428,53.37411237,,
-6.114449501,53.25710102,,
-6.114664078,53.25728073,,
-6.3139548,53.3419427,,
-6.2982288,53.3417114,,
-6.304682,53.338792,,
-6.297263,53.341997,,
-6.297263,53.341997,,
-6.296293885,53.34184685,,
-6.305778786,53.33982536,,
-6.312969422,53.34242308,,
-6.29682,53.342774,,
-6.3017277,53.341085,,
-6.29673779,53.34174171,,
-6.296629,53.341846,,
-6.322761655,53.34151271,,
-6.301538944,53.31195478,,
-6.292693019,53.31781009,,
-6.3281583,53.2723179,,
-6.321706,53.288888,,
-6.453200122,53.36122954,,
-6.4317546,53.3553362,,
-6.4300663,53.357449,,
-6.431102,53.357298,,
-6.454575062,53.33684727,,
-6.453459,53.354698,,
-6.453233957,53.35582167,,
-6.4178062,53.3419924,,
-6.159727,53.526062,,
-6.179321,53.404058,,
-6.180705,53.404518,,
-6.130843163,53.44380359,,
-6.137613058,53.44359783,,
-6.154462695,53.45469751,,
-6.199835927,53.45057076,,
-6.15065039,53.44331983,,
-6.15834261,53.45128366,,
-6.15588895,53.438791,,
-6.153223515,53.43727869,,
-6.154725552,53.43848021,,
-6.189358234,53.45192478,,
-6.180143,53.404221,,
-6.137613058,53.44359783,,
-6.137613058,53.44359783,,
-6.137087345,53.44355438,,
-6.245985031,53.31612109,,
-6.246735,53.312776,,
-6.25147,53.313375,,
-6.248732,53.312941,,
-6.250004,53.313809,,
-6.25763,53.271213,,
-6.246824,53.314432,,
-6.2494189,53.3127616,,
-6.145306,53.293335,,
-6.159746,53.293631,,
-6.161488,53.294464,,
-6.16362,53.294814,,
-6.162514,53.292803,,
-6.14935,53.294972,,
-6.148644,53.295431,,
-6.144846018,53.29275967,,
-6.145842075,53.29215602,,
-6.148608,53.294,,
-6.152591,53.291543,,
-6.145458,53.292478,,
-6.219764,53.29896,,
-6.1464875,53.2827231,,
-6.24304533,53.3570581,,
-6.238780618,53.34932608,,
-6.433378825,53.39279574,,
-6.43436,53.392249,,
-6.435894217,53.39184962,,
-6.440308,53.397111,,
-6.437302494,53.3927361,,
-6.3821178,53.350705,,
-6.377037,53.331938,,
-6.376941204,53.33274384,,
-6.378718,53.332538,,
-6.377037,53.331938,,
-6.378679276,53.33143681,,
-6.365332603,53.30174879,,
-6.265700285,53.35653948,,
-6.273167,53.364448,,
-6.265926,53.3560714,,
-6.1502519,53.4193726,,
-6.1529279,53.4196738,,
-6.1337584,53.4320551,,
-6.150262356,53.41937958,,
-6.150691782,53.41880993,,
-6.144565344,53.41836933,,
-6.1465173,53.4189124,,
-6.153935949,53.42106934,,
-6.151229,53.419061,,
-6.146421432,53.41839491,,
-6.1502519,53.4193726,,
-6.1529279,53.4196738,,
-6.153935949,53.42106934,,
-6.1337584,53.4320551,,
-6.267049,53.330364,,
-6.2667643,53.3304247,,
-6.167109,53.376251,,
-6.18840091,53.37647594,,
-6.165733337,53.37537969,,
-6.165699,53.375473,,
-6.167818532,53.37616377,,
-6.2508595,53.3244109,,
-6.250805,53.328828,,
-6.2539703,53.3274806,,
-6.2574139,53.3281559,,
-6.4710705,53.28194,,
-0.093157,51.470758,,
-6.262789,53.268792,,
-6.280101,53.293328,,
-6.319327354,53.27286136,,
-6.286852,53.299484,,
-6.28624177,53.29752208,,
-6.300517,53.27907,,
-6.2872313,53.2984006,,
-6.271012,53.314123,,
-6.266884804,53.31146761,,
-6.269533,53.308502,,
-6.272929,53.313138,,
-6.279217,53.311356,,
-6.263172626,53.31976148,,
-6.266534436,53.32640156,,
-6.268155,53.325244,,
-6.262666,53.316285,,
-6.262802,53.316358,,
-6.267367601,53.32238903,,
-6.266093,53.326824,,
-6.263396638,53.31627047,,
-6.264748177,53.3254043,,
-6.266261,53.318036,,
-6.262606,53.3195614,,
-6.2545826,53.3252744,,
-6.266139038,53.32870268,,
-6.269480677,53.32537589,,
-6.268120265,53.32531775,,
-6.2991077,53.3343882,,
-6.29319191,53.33809968,,
-6.2982992,53.330693,,
-6.2276214,53.340836,,
-6.227626336,53.34083544,,
-6.234917,53.341424,,
-6.235306,53.339698,,
-6.23221457,53.33993819,,
-6.227499,53.341132,,
-6.231876612,53.34055955,,
-6.0846929,53.5220128,,
-6.086851,53.522324,,
-6.440574088,53.28209272,,
-6.4445738,53.2778513,,
-6.4402112,53.28389,,
-6.4404668,53.2824391,,
-6.45046272,53.28116205,,
-6.443234682,53.28017486,,
-6.445262432,53.27847875,,
-6.4404668,53.2824391,,
-6.4510401,53.2814272,,
-6.44996131,53.28051753,,
-6.4448844,53.2783812,,
-6.426166117,53.28278061,,
-6.4406691,53.2813933,,
-6.4497417,53.280391,,
-6.117804,53.286327,,
-6.117874,53.286295,,
-6.117562,53.28617,,
-6.12103,53.287261,,
-6.222014,53.2624202,,
-6.241219,53.269375,,
-6.238946915,53.26994845,,
-6.215598,53.277588,,
-6.214152575,53.26458406,,
-6.217053,53.276801,,
-6.239891052,53.26994845,,
-6.223419199,53.26088238,,
-6.207516,53.259316,,
-6.242432,53.269642,,
-6.217053,53.276801,,
-6.217936,53.260951,,
-6.215987206,53.27667544,,
-6.217053,53.276801,,
-6.239569161,53.27004533,,
-6.216098,53.276637,,
-6.239091,53.270244,,
-6.2155982,53.2775885,,
-6.239140034,53.26982012,,
-6.216098,53.276637,,
-6.215891,53.2766678,,
-6.238585,53.270686,,
-6.215600967,53.27732659,,
-6.215995,53.332525,,
-6.212802982,53.32908775,,
-6.210882008,53.32525896,,
-6.222757101,53.32715665,,
-6.208229,53.3262,,
-6.215868,53.326907,,
-6.211905,53.331631,,
-6.253213584,53.40345582,,
-6.2313481,53.3983558,,
-6.251514864,53.40684734,,
-6.24724,53.40489,,
-6.251757145,53.40655151,,
-6.251660585,53.40667942,,
-6.251774,53.40655,,
-6.2588192,53.4013443,,
-6.249042749,53.3897016,,
-6.24483808,53.39124374,,
-6.2529473,53.4045848,,
-6.250394352,53.40607486,,
-6.2505445,53.4067216,,
-6.250711083,53.40679455,,
-6.248672,53.406384,,
-6.252250671,53.40456876,,
-6.2521893,53.3886127,,
-6.2474,53.405953,,
-6.251242161,53.40686874,,
-6.258773804,53.40120427,,
-6.251882,53.406258,,
-6.231447458,53.39834745,,
-6.2486182,53.4054405,,
-6.252014351,53.40614598,,
-6.246242523,53.40446642,,
-6.230428219,53.39777555,,
-6.251986,53.406065,,
-6.248441935,53.40665384,,
-6.123551,53.235579,,
-6.1237696,53.2355786,,
-6.123551,53.235579,,
-6.121643,53.235085,,
-6.122369,53.235164,,
-6.126166,53.235857,,
-6.1240331,53.2283918,,
-6.126039,53.235836,,
-6.123666,53.231699,,
-6.125946,53.227517,,
-6.112414,53.578961,,
-6.136548,53.584662,,
-6.136051418,53.58527282,,
-6.277261,53.351415,,
-6.27907,53.348851,,
-6.277275681,53.34612397,,
-6.279245,53.349293,,
-6.276342568,53.35131582,,
-6.2793584,53.3478304,,
-6.278092793,53.3480118,,
-6.2788,53.348057,,
-6.278836,53.348098,,
-6.279235035,53.34895856,,
-6.283149719,53.34860439,,
-6.2806495,53.3502673,,
-6.272339841,53.3490801,,
-6.277417407,53.34883223,,
-6.279104948,53.34939214,,
-6.305158,53.338828,,
-6.30606,53.339274,,
-6.205859184,53.25057957,,
-6.222172,53.26165,,
-6.21787544,53.26043326,,
-6.1660082,53.2648713,,
-6.2062864,53.2529278,,
-6.222789,53.259167,,
-6.222660542,53.25989929,,
-6.22202825,53.25941221,,
-6.221394539,53.25982227,,
-6.220625364,53.26061259,,
-6.223300696,53.26226527,,
-6.21843338,53.25549642,,
-6.222154,53.259925,,
-6.205816269,53.25119581,,
-6.194390708,53.28295963,,
-6.206418706,53.30315939,,
-6.194429,53.282858,,
-6.1956525,53.2861799,,
-6.189376,53.291151,,
-6.194429,53.282858,,
-6.277773037,53.34826051,,
-6.0550247,53.3799657,,
-6.1426396,53.385588,,
-6.094074,53.3899162,,
-6.094074,53.389916,,
-6.1004408,53.3919405,,
-6.093340516,53.37108474,,
-6.204850674,53.45327922,,
-6.21345,53.44347,,
-6.24012,53.462567,,
-6.213111877,53.44327065,,
-6.2227804,53.4582461,,
-6.235388,53.443307,,
-6.240284,53.462401,,
-6.22265,53.45584,,
-6.240030527,53.4627208,,
-6.245471342,53.44971944,,
-6.244248,53.444196,,
-6.208798289,53.4437244,,
-6.2076521,53.4463698,,
-6.210247278,53.44412949,,
-6.23595567,53.47205442,,
-6.208422712,53.443701,,
-6.210914,53.443254,,
-6.2087677,53.4635131,,
-6.245974302,53.44904963,,
-6.246127,53.449048,,
-6.213069,53.4453443,,
-6.242976,53.4454462,,
-6.213771701,53.44330515,,
-6.213092,53.445382,,
-6.208283901,53.44371413,,
-6.212232113,53.44586119,,
-6.2447655,53.445543,,
-6.2138551,53.4419396,,
-6.245757,53.448433,,
-6.2202245,53.4560808,,
-6.234828,53.474839,,
-6.233017265,53.4743085,,
-6.3677407,53.2707537,,
-6.377199,53.284057,,
-6.377199,53.284057,,
-6.3758874,53.2864405,,
-6.375244,53.2871305,,
-6.3758874,53.2864405,,
-6.3559688,53.2804386,,
-6.364821,53.289944,,
-6.376292414,53.28664895,,
-6.369173527,53.28533076,,
-6.374087,53.29027,,
-6.357701,53.287775,,
-6.3182332,53.3147045,,
-6.375803947,53.27023077,,
-6.3758874,53.2864405,,
-6.1844964,53.6104614,,
-6.37578249,53.28675594,,
-6.357911272,53.28803493,,
-6.375267506,53.28630697,,
-6.2683303,53.3450879,,
-6.268198,53.3444,,
-6.263779781,53.3445866,,
-6.2967607,53.3018393,,
-6.294563,53.299748,,
-6.311024,53.305126,,
-6.296592951,53.30172315,,
-6.294563,53.299748,,
-6.2949156,53.3011439,,
-6.302740574,53.30430052,,
-6.275276,53.3392896,,
-6.2750581,53.3396069,,
-6.190856,53.3827765,,
-6.22075,53.325568,,
-6.220992,53.325194,,
-6.235661209,53.53853173,,
-6.179531,53.290004,,
-6.194972,53.294582,,
-6.170476,53.286025,,
-6.164073,53.284281,,
-6.361409,53.2647502,,
-6.160768,53.262537,,
-6.14497,53.258886,,
-6.352659,53.367353,,
-6.384022125,53.36398822,,
-6.2666236,53.2982913,,
-6.388149867,53.32680664,,
-6.378348,53.3206651,,
-6.4057984,53.3146623,,
-6.403202,53.322426,,
-6.416688117,53.3893472,,
-6.1848007,53.3608672,,
-6.200479,53.367576,,
-6.212963,53.362893,,
-6.187386,53.360248,,
-6.195593,53.387134,,
-6.116347,53.277565,,
-6.116108,53.271817,,
-6.10575,53.279874,,
-6.163756,53.27943,,
-6.135441,53.491314,,
-6.266434,53.357177,,
-6.243857,53.334271,,
-6.290574074,53.39970104,,
-6.346001,53.271365,,
-6.1670417,53.2780216,,
-6.176844,53.265095,,
-6.3778243,53.5527799,,
-6.2758644,53.3938008,,
-6.129732,53.286287,,
-6.235809,53.341157,,
-6.059607,53.378677,,
-6.061592,53.376687,,
-6.063552,53.366094,,
-6.063793,53.377366,,
-6.121154,53.258101,,
-6.118839,53.251825,,
-6.42103672,53.29724508,,
-6.322057,53.284904,,
-6.3297373,53.2821529,,
-6.098088026,53.54726907,,
-6.420677,53.347829,,
-6.148055,53.521523,,
-6.153269,53.435936,,
-6.1492262,53.2929945,,
-6.2159133,53.2973493,,
-6.21592,53.29096,,
-6.323136091,53.5546407,,
-6.284308434,53.58746119,,
-6.311554,53.577024,,
-6.498670582,53.31931972,,
-6.2393777,53.3583908,,
-6.272005,53.330264,,
-6.2523298,53.3284246,,
-6.5004122,53.2699264,,
-6.4991337,53.2683799,,
-6.49017334,53.25466201,,
-6.315967,53.265046,,
-6.275246,53.301492,,
-6.2812763,53.2905189,,
-6.261267,53.305467,,
-6.087994874,53.52391073,,
-6.4250155,53.2765834,,
-6.235845,53.397713,,
-6.127369,53.23269,,
-6.122292,53.230581,,
-6.1110042,53.5785308,,
-6.0981506,53.5472701,,
-6.145241261,53.58459523,,
-6.110699,53.580057,,
-6.204877,53.290477,,
-6.094086,53.387061,,
-6.2431135,53.4513568,,
-6.239276,53.451056,,
-6.224661,53.486332,,
-6.343483,53.474502,,
-6.228402,53.481561,,
-6.2929888,53.3156675,,
-6.3069801,53.3118781,,
-6.2929,53.314743,,
-6.323062,53.305988,,
-6.375538,53.448802,,
-6.466151476,53.33751672,,
-6.2918014,53.3485327,,
-6.327423,53.378456,,
-6.3294364,53.3778551,,
-6.329441,53.377854,,
-6.1793415,53.3981138,,
-6.201133,53.615859,,
-6.193585396,53.61583007,,
-6.176867,53.60262,,
-6.1395871,53.4004969,,
-6.1471286,53.3988429,,
-6.1501378,53.4509236,,
-6.332041025,53.26995101,,
-6.1862918,53.3031078,,
-6.444280744,53.39326533,,
-6.373422,53.395933,,
-6.374006,53.394746,,
-6.1498634,53.256511,,
-6.143069,53.246101,,
-6.405503,53.37274,,
-6.403257817,53.37571919,,
-2.1164899,51.8848701,,
-6.373189,53.369709,,
-6.3419948,53.3475022,,
-6.412687179,53.27605112,,
-6.428159,53.281903,,
-6.4293133,53.2829013,,
-6.412067413,53.27535066,,
-6.430778503,53.28351042,,
-9.1072378,53.9833487,,
-6.3976682,53.3450848,,
-6.3970971,53.3447007,,
-6.2571486,53.3461105,,
-6.3970971,53.3447007,,
-6.407107491,53.30808706,,
-6.401424408,53.32477291,,
-6.3976682,53.3450848,,
-6.4308779,53.3953068,,
-6.4383901,53.395096,,
-6.429233551,53.39906775,,
-6.443524361,53.4079074,,
-6.156973,53.403134,,
-6.215837002,53.40521092,,
-6.399105,53.380123,,
-6.399364471,53.37975741,,
-6.183423,53.363113,,
-6.158966,53.488772,,
-6.2213264,53.3734784,,
-6.250419,53.372934,,
-6.258484125,53.35745708,,
-6.258484125,53.35766198,,
-6.2503793,53.352644,,
-6.263129711,53.34541482,,
-6.309949,53.364172,,
-6.284911,53.404717,,
-6.298239,53.391876,,
-6.294685,53.40186,,
-6.296051,53.401035,,
-6.292006,53.4028984,,
-6.287972331,53.39816257,,
-6.298964024,53.40549299,,
-6.2972257,53.4047014,,
-6.3016156,53.3926816,,
-6.2758868,53.2813072,,
-6.294767,53.404658,,
-6.29072,53.320508,,
-6.291035,53.320397,,
-6.290541887,53.32060744,,
-6.199067831,53.37319066,,
-6.307147,53.338516,,
-6.200838089,53.45184811,,
-6.2007198,53.4522975,,
-6.1998337,53.4519428,,
-6.155722723,53.45350714,,
-6.200803994,53.45197589,,
-6.201202869,53.45243589,,
-6.17871589,53.44694149,,
-6.153609753,53.45292145,,
-6.243234668,53.31773169,,
-6.2479438,53.3149666,,
-6.43973515,53.39600338,,
-6.14863259,53.41880126,,
-6.1716046,53.3855688,,
-6.278704,53.314815,,
-6.2305803,53.341769,,
-6.217538674,53.27768313,,
-6.2153357,53.2582674,,
-6.136525,53.584606,,
-6.2793584,53.3478304,,
-6.191912,53.28167,,
-6.210704,53.443051,,
-6.210559,53.443864,,
-6.2127617,53.4454372,,
-6.233432293,53.44446178,,
-6.2137743,53.4419224,,
-6.213647,53.4433381,,
-6.3926043,53.4193764,,
-6.338801,53.271401,,
-6.3492054,53.3002883,,
-6.283928,53.349779,,
-6.283473261,53.3500032,,
-6.1807345,53.3963178,,
-6.190198,53.3817723,,
-6.210856953,53.38674278,,
-6.195506,53.38101,,
-6.213714,53.380556,,
-6.2022602,53.3838163,,
-6.199119,53.377062,,
-6.206625,53.391542,,
-6.2185181,53.3853276,,
-6.222332,53.386182,,
-6.2039719,53.3865706,,
-6.184795817,53.38142085,,
-6.1946518,53.3854395,,
-6.19223,53.379285,,
-6.2019845,53.3808809,,
-6.220149994,53.38478738,,
-6.210429668,53.38473619,,
-6.196485,53.385368,,
-6.1876295,53.3812778,,
-6.210482,53.3850871,,
-6.1989357,53.3877056,,
-6.189422607,53.38345635,,
-6.1881132,53.3813895,,
-6.222362,53.384259,,
-6.2097,53.384241,,
-6.2108344,53.3859559,,
-6.212781,53.3804017,,
-6.315,53.376256,,
-6.1912571,53.3924053,,
-6.184143,53.39567,,
-6.17553,53.606377,,
-6.20361236,53.60989276,,
-6.166686,53.605462,,
-6.19608604,53.61523387,,
-6.1938223,53.6175269,,
-6.18184321,53.60942893,,
-6.2090406,53.6154539,,
-6.1780024,53.6050662,,
-6.1925236,53.6131609,,
-6.1744823,53.6050032,,
-6.2088817,53.610507,,
-6.209662,53.613565,,
-6.196675301,53.60857414,,
-6.181187172,53.59885448,,
-6.195173,53.609339,,
-6.2087762,53.6146623,,
-6.205569506,53.61087835,,
-6.202913,53.614342,,
-6.193018,53.613953,,
-6.20362004,53.61126273,,
-6.205569506,53.61087835,,
-6.1794013,53.6073529,,
-6.205569506,53.61087835,,
-6.1830554,53.6081325,,
-6.18098083,53.60769951,,
-6.20107,53.6107866,,
-6.201798,53.615931,,
-6.176041,53.600508,,
-6.189586,53.612595,,
-6.20451,53.612232,,
-6.20454114,53.61221607,,
-6.168595,53.60545,,
-6.1676835,53.6048411,,
-6.174675,53.606763,,
-6.202643,53.613985,,
-6.1672757,53.6050544,,
-6.2080241,53.6150239,,
-6.191848693,53.6188605,,
-6.192018986,53.61209088,,
-6.173468828,53.60749201,,
-6.216135,53.6305887,,
-6.181161404,53.59887215,,
-6.158093543,53.39926083,,
-6.1420098,53.3940672,,
-6.131408,53.394617,,
-6.129838426,53.39713192,,
-6.125757694,53.39412902,,
-6.139178,53.398881,,
-6.1328834,53.3932193,,
-6.142571,53.401307,,
-6.126828,53.391894,,
-6.128568649,53.39627859,,
-6.128536463,53.39622741,,
-6.1923307,53.3943429,,
-6.168307,53.407093,,
-6.1713365,53.4058481,,
-6.1665709,53.4046281,,
-6.1708498,53.4048793,,
-6.1710299,53.404698,,
-6.1691082,53.4094315,,
-6.1501378,53.4509236,,
-6.2466202,53.2754643,,
-6.259365,53.2764,,
-6.2483253,53.2723964,,
-6.260164,53.276168,,
-6.2594875,53.2760654,,
-6.255748,53.278334,,
-6.238281727,53.32995034,,
-6.20799,53.316641,,
-6.235834,53.334606,,
-6.23565,53.334291,,
-6.237445,53.328479,,
-6.228329,53.320433,,
-6.229919,53.322883,,
-6.2388127,53.3300887,,
-6.230203,53.329951,,
-6.2385031,53.327532,,
-6.2307497,53.3345048,,
-6.2423978,53.3360391,,
-6.229771,53.324313,,
-6.233026,53.333722,,
-6.2278525,53.3239034,,
-6.210555,53.320597,,
-6.252759,53.331674,,
-6.231428689,53.3260715,,
-6.234489,53.330346,,
-6.230901,53.324563,,
-6.240903,53.329483,,
-6.242384,53.3328006,,
-6.2178131,53.3239786,,
-6.235278,53.3345226,,
-6.244321,53.331911,,
-6.2432038,53.3288607,,
-6.212066,53.319703,,
-6.239025,53.335189,,
-6.2305235,53.3288697,,
-6.217063,53.321656,,
-6.2469958,53.359489,,
-6.268793379,53.51755305,,
-6.271289,53.537449,,
-6.267625093,53.5103687,,
-6.224671,53.511962,,
-6.13101544,53.25052772,,
-6.1252544,53.2488623,,
-6.1263451,53.2479576,,
-6.127354,53.253458,,
-6.127894,53.252142,,
-6.1290914,53.2540671,,
-6.470355,53.278069,,
-6.344228,53.269787,,
-6.3384649,53.2720041,,
-6.3274391,53.2691085,,
-6.332302418,53.27459296,,
-6.335685,53.270938,,
-6.3389793,53.271533,,
-6.332496,53.276232,,
-6.333309,53.27143,,
-6.330788,53.270578,,
-6.342308521,53.26999978,,
-6.3433014,53.3388836,,
-6.3491494,53.3388957,,
-6.3343397,53.3399981,,
-6.354766,53.3436228,,
-6.3548256,53.3435831,,
-6.3715554,53.3422085,,
-6.34907,53.341365,,
-6.336171891,53.3432491,,
-6.368506,53.341248,,
-6.3285909,53.3431097,,
-6.3284161,53.3430926,,
-6.353272849,53.34204063,,
-6.3310848,53.3419297,,
-6.3657887,53.3413233,,
-6.3570755,53.3461618,,
-6.3675062,53.3417607,,
-6.334584,53.340819,,
-6.3586325,53.3468022,,
-6.360003,53.3433119,,
-6.3686784,53.3407788,,
-6.2656787,53.3938198,,
-6.2764029,53.4002205,,
-6.185726,53.587085,,
-6.146647,53.391727,,
-6.2276674,53.3808853,,
-6.226555,53.385273,,
-6.230764,53.3858594,,
-6.230027,53.385426,,
-6.2415852,53.3889219,,
-6.223647,53.381965,,
-6.2275973,53.3836578,,
-6.228155,53.38542,,
-6.2279944,53.3817796,,
-6.2275872,53.3781698,,
-6.228971,53.383624,,
-6.2218655,53.3780158,,
-6.2329838,53.382797,,
-6.2296053,53.3757696,,
-6.233222757,53.37942926,,
-6.221325445,53.37713979,,
-6.2246868,53.3849529,,
-6.229781,53.384067,,
-6.229542,53.392899,,
-6.218715,53.378763,,
-6.2328207,53.3850078,,
-6.2321564,53.387576,,
-6.231256,53.387998,,
-6.2319328,53.3885608,,
-6.2283041,53.3929922,,
-6.202507,53.298702,,
-6.179407,53.29447,,
-6.179443,53.301628,,
-6.193499,53.297217,,
-6.1608339,53.2710841,,
-6.183135509,53.283767,,
-6.202161637,53.29737523,,
-6.168653,53.298411,,
-6.178721,53.296309,,
-6.191384,53.294858,,
-6.164475137,53.2803275,,
-6.160802,53.2868762,,
-6.199883,53.293797,,
-6.188233,53.300613,,
-6.172827,53.291043,,
-6.195547,53.2953568,,
-6.163131,53.285568,,
-6.185414,53.289322,,
-6.18682,53.287219,,
-6.163046,53.285578,,
-6.168667,53.292134,,
-6.184456,53.286541,,
-6.182884,53.283224,,
-6.1717738,53.2806984,,
-6.189359,53.293449,,
-6.163664,53.291539,,
-6.1706833,53.2999434,,
-6.170967,53.287904,,
-6.197316,53.299261,,
-6.178009,53.285634,,
-6.179253,53.281561,,
-6.179862,53.29957,,
-6.200871,53.294616,,
-6.211026,53.310496,,
-6.1682556,53.2914957,,
-6.178852,53.293872,,
-6.173968,53.287486,,
-6.188974,53.305894,,
-6.200438,53.299692,,
-6.182786,53.298693,,
-6.162812,53.289514,,
-6.1753634,53.2904729,,
-6.194128,53.275881,,
-6.171755,53.299171,,
-6.178598,53.293001,,
-6.165057,53.284021,,
-6.214992,53.309514,,
-6.1633691,53.2862109,,
-6.180099,53.299128,,
-6.202066,53.297998,,
-6.1847999,53.2883932,,
-6.214759,53.309641,,
-6.196972,53.298746,,
-6.1834145,53.2976607,,
-6.187328,53.30485,,
-6.1856729,53.2812843,,
-6.183441,53.292995,,
-6.196183115,53.29546821,,
-6.1663612,53.2975982,,
-6.211849,53.308099,,
-6.16409719,53.28638393,,
-6.18387,53.297401,,
-6.173557,53.300412,,
-6.199336052,53.29309231,,
-6.199226081,53.2929384,,
-6.199336052,53.29309231,,
-6.19938791,53.29311582,,
-6.199336052,53.29309231,,
-6.199184061,53.29291916,,
-6.177908541,53.27718182,,
-6.180484094,53.27821864,,
-6.38417244,53.3880124,,
-6.384262,53.40101,,
-6.3883709,53.4028918,,
-6.3801659,53.3941932,,
-6.368977,53.399616,,
-6.385511,53.385204,,
-6.371153,53.39868,,
-6.382218,53.401702,,
-6.379067,53.393907,,
-6.382865,53.390335,,
-6.3856277,53.389324,,
-6.393205,53.386597,,
-6.335357,53.331578,,
-6.3294318,53.3334376,,
-6.3404731,53.3325572,,
-6.20281,53.304128,,
-6.208826,53.311308,,
-6.19645,53.308399,,
-6.203043,53.308447,,
-6.1969704,53.3046823,,
-6.450257,53.234658,,
-6.152029,53.266218,,
-6.140447,53.249017,,
-6.16597,53.263889,,
-6.165369,53.262943,,
-6.140982,53.263531,,
-6.1650546,53.2616995,,
-6.1419031,53.2498374,,
-6.150723199,53.26565698,,
-6.161047,53.26457,,
-6.1420722,53.2650707,,
-6.149733,53.262613,,
-6.1654689,53.2626355,,
-6.1492599,53.2655708,,
-6.151144,53.264239,,
-6.142644882,53.25301881,,
-6.1594828,53.2550034,,
-6.283624,53.35947,,
-6.286258,53.362169,,
-6.297954,53.362322,,
-6.2923147,53.3660478,,
-6.2860984,53.3676088,,
-6.2860984,53.3676088,,
-6.291687,53.361599,,
-6.286061452,53.36395455,,
-6.2876082,53.365677,,
-6.2911207,53.3677549,,
-6.3027688,53.3678422,,
-6.288284,53.366925,,
-6.2962231,53.3709538,,
-6.2962966,53.3709671,,
-6.304366,53.368608,,
-6.2990439,53.3650415,,
-6.293206,53.3678334,,
-6.2938551,53.3583412,,
-6.287319011,53.36000597,,
-6.2897597,53.3576228,,
-6.2991303,53.3710555,,
-6.290166378,53.35934726,,
-6.296714,53.365042,,
-6.286895,53.358526,,
-6.2996944,53.3654726,,
-6.2964452,53.3626944,,
-6.286895,53.3585263,,
-6.294445,53.3643534,,
-6.28410377,53.35951242,,
-6.2956855,53.3654886,,
-6.3005846,53.3703448,,
-6.283147,53.363786,,
-6.298298836,53.37060465,,
-6.1669244,53.2585543,,
-6.167338,53.261431,,
-6.181504726,53.24671501,,
-6.18001,53.247942,,
-6.182589,53.246651,,
-6.185131073,53.25478396,,
-6.181423,53.248063,,
-6.177728176,53.24878214,,
-6.177728176,53.24878214,,
-6.177728176,53.24878214,,
-6.183757131,53.24647326,,
-6.165382,53.254363,,
-6.1749168,53.2467324,,
-6.358145,53.369929,,
-6.3931449,53.3785773,,
-6.377641,53.370885,,
-6.3896707,53.3686125,,
-6.376332,53.376398,,
-6.3611847,53.3685001,,
-6.38158,53.37267,,
-6.393987,53.369511,,
-6.379592,53.369827,,
-6.379124,53.370471,,
-6.3987898,53.3713455,,
-6.3934278,53.3694041,,
-6.37198175,53.37306658,,
-6.38392,53.384221,,
-6.358366,53.378974,,
-6.346289,53.372616,,
-6.394485,53.372953,,
-6.393852,53.374147,,
-6.361369,53.379477,,
-6.3745172,53.373149,,
-6.36493,53.372274,,
-6.354824,53.375754,,
-6.365228,53.373965,,
-6.385152,53.374858,,
-6.37801,53.380425,,
-6.396824,53.37374,,
-6.395701,53.370338,,
-6.3792886,53.3770826,,
-6.3810553,53.3765768,,
-6.392583847,53.36435788,,
-6.356735,53.37378,,
-6.39165202,53.37381868,,
-6.356437,53.374548,,
-6.3942401,53.3741249,,
-6.378277,53.37502,,
-6.406208466,53.37393833,,
-6.39616377,53.37331333,,
-6.3842561,53.3730677,,
-6.350325,53.372048,,
-6.3904919,53.3743817,,
-6.392669678,53.36437402,,
-6.36939,53.372671,,
-6.35264,53.374221,,
-6.3989477,53.3705155,,
-6.356845,53.378893,,
-6.37401165,53.3764334,,
-6.37714,53.379053,,
-6.366298,53.380963,,
-6.403188,53.372387,,
-6.3770735,53.376162,,
-6.391852,53.368363,,
-6.3784928,53.3730537,,
-6.3742946,53.3746435,,
-6.367341206,53.37213409,,
-6.370621,53.38273,,
-6.3632064,53.3748053,,
-6.400902,53.367423,,
-6.39877,53.374029,,
-6.3587924,53.3706415,,
-6.375508,53.374296,,
-6.355919,53.378892,,
-6.40305631,53.37382814,,
-6.371662617,53.37648056,,
-6.400166,53.3714,,
-6.377048382,53.37233844,,
-6.362712,53.37212,,
-6.392353821,53.36427363,,
-6.392353821,53.36427363,,
-6.392636419,53.36445353,,
-6.3632064,53.3748053,,
-6.356213093,53.37789117,,
-6.3503724,53.3705874,,
-6.398928,53.367712,,
-6.384149404,53.36623734,,
-6.3564357,53.3522964,,
-6.343556,53.349338,,
-6.348158,53.352579,,
-6.3677765,53.3372632,,
-6.369087696,53.33660062,,
-6.255791,53.292848,,
-6.2663911,53.2976002,,
-6.271568,53.292538,,
-6.264610735,53.28491352,,
-6.262739,53.288705,,
-6.252228,53.298754,,
-6.2643715,53.3033538,,
-6.256239074,53.29024416,,
-6.253032,53.306444,,
-6.254074,53.307346,,
-6.253215,53.293423,,
-6.2612864,53.2973118,,
-6.2507509,53.2976002,,
-6.2650711,53.2982142,,
-6.2533,53.290903,,
-6.2557553,53.2931282,,
-6.2635772,53.2951893,,
-6.2612475,53.3010103,,
-6.421115,53.298043,,
-6.4330529,53.2795997,,
-6.441485882,53.28313839,,
-6.4183183,53.2975925,,
-6.42722844,53.28222247,,
-6.420607567,53.29829923,,
-6.4319606,53.2831218,,
-6.4165058,53.2772293,,
-6.425714493,53.27849928,,
-6.41390212,53.27852438,,
-6.433005591,53.284513,,
-6.414830235,53.2772759,,
-6.1799079,53.4010969,,
-6.1731465,53.4018614,,
-6.179181933,53.39922767,,
-6.4043413,53.3280026,,
-6.3833967,53.3255423,,
-6.395845413,53.31291627,,
-6.403116,53.3300094,,
-6.373961,53.319504,,
-6.4184806,53.3223568,,
-6.3869549,53.3152405,,
-6.3875952,53.3159767,,
-6.4052793,53.3129345,,
-6.377462,53.321971,,
-6.402007788,53.32574052,,
-6.4044171,53.3259227,,
-6.3864578,53.3149224,,
-6.392763,53.3423022,,
-6.4037386,53.3289051,,
-6.379682,53.3207963,,
-6.389334251,53.31922702,,
-6.3960235,53.3499618,,
-6.4264526,53.3208743,,
-6.39854908,53.34431058,,
-6.416561899,53.32422029,,
-6.4044447,53.3122167,,
-6.4049074,53.309386,,
-6.3785313,53.3250844,,
-6.417178,53.320783,,
-6.4002502,53.3438889,,
-6.37916,53.324004,,
-6.4065299,53.3102493,,
-6.3806432,53.3248872,,
-6.398581,53.342167,,
-6.3957601,53.3384284,,
-6.4019114,53.3130704,,
-6.3836357,53.3218751,,
-6.4067709,53.3104755,,
-6.406724,53.314403,,
-6.398023367,53.31357648,,
-6.4122306,53.3200172,,
-6.3806432,53.3233398,,
-6.3745193,53.3204138,,
-6.4057374,53.3093112,,
-6.392319,53.319354,,
-6.3914738,53.3440335,,
-6.392068863,53.32105604,,
-6.4241073,53.3212288,,
-6.394508,53.3365253,,
-6.412291712,53.32011365,,
-6.4197279,53.3229305,,
-6.405378,53.3277131,,
-6.4164133,53.3239411,,
-6.401617527,53.33088323,,
-6.380862594,53.32056834,,
-6.391824,53.315601,,
-6.43237045,53.40205508,,
-6.4304854,53.3995977,,
-6.423525,53.40608,,
-6.43793,53.401643,,
-6.423868,53.396225,,
-6.4212999,53.4044682,,
-6.436869,53.402783,,
-6.419501,53.404384,,
-6.439575,53.403076,,
-6.4283126,53.3993191,,
-6.432875991,53.39648224,,
-6.41788,53.404267,,
-6.4282655,53.3992915,,
-6.437244,53.402974,,
-6.443752247,53.40810182,,
-6.409494513,53.40491342,,
-6.443524361,53.4079074,,
-6.443524361,53.4079074,,
-6.413303,53.405467,,
-6.4130988,53.403446,,
-6.4180673,53.4037247,,
-6.4266924,53.4064564,,
-6.43359898,53.40421882,,
-6.43086682,53.40368871,,
-6.4366822,53.4037478,,
-6.445056872,53.40691664,,
-6.15669322,53.40412615,,
-6.151972021,53.40104176,,
-6.157707065,53.40332379,,
-6.1575893,53.4038066,,
-6.1646038,53.4012741,,
-6.2069387,53.4024724,,
-6.2121164,53.4021054,,
-6.2118965,53.4050092,,
-6.412379,53.389715,,
-6.424773037,53.38875783,,
-6.4179951,53.3822148,,
-6.4250197,53.3894703,,
-6.412409,53.400143,,
-6.388949722,53.38466164,,
-6.388949722,53.38466164,,
-6.427716,53.395962,,
-6.408864,53.392933,,
-6.393725,53.385776,,
-6.428219,53.39141,,
-6.4065757,53.3837323,,
-6.413698196,53.39252957,,
-6.422183,53.385665,,
-6.4287964,53.3926339,,
-6.411182,53.400747,,
-6.414149,53.384901,,
-6.4138872,53.3873683,,
-6.406778,53.385058,,
-6.4153475,53.3865603,,
-6.40775,53.383881,,
-6.40059,53.380838,,
-6.427137229,53.39311657,,
-6.401623,53.380646,,
-6.4102972,53.3876702,,
-6.426949,53.388335,,
-6.413185,53.3862,,
-6.4163732,53.392309,,
-6.4233818,53.3996977,,
-6.403822,53.382391,,
-6.426405,53.388904,,
-6.428971,53.391562,,
-6.4089847,53.3808731,,
-6.4183955,53.3891963,,
-6.4279341,53.3956613,,
-6.414678,53.389185,,
-6.403122715,53.38101028,,
-6.4217047,53.3992968,,
-6.396618,53.3816728,,
-6.2220239,53.3028155,,
-6.241044,53.309688,,
-6.2273289,53.2964673,,
-6.244039,53.310124,,
-6.238799,53.311185,,
-6.240376,53.307658,,
-6.239735,53.308448,,
-6.234279,53.302194,,
-6.2141095,53.3649323,,
-6.215708,53.367315,,
-6.21471,53.3638055,,
-6.224532,53.369493,,
-6.182457,53.362506,,
-6.1860998,53.3629886,,
-6.196379,53.369666,,
-6.189222,53.361151,,
-6.1947689,53.3586658,,
-6.204352,53.364227,,
-6.222189,53.363464,,
-6.191526,53.367106,,
-6.215969,53.36857,,
-6.227159535,53.36699,,
-6.201379,53.361833,,
-6.182470391,53.36101004,,
-6.185555,53.366866,,
-6.2174185,53.3660624,,
-6.193165,53.360779,,
-6.192128,53.366026,,
-6.214673,53.368361,,
-6.1769006,53.3642939,,
-6.2065047,53.3630758,,
-6.175462,53.365495,,
-6.175053637,53.36579071,,
-6.201924,53.360875,,
-6.188392639,53.36678935,,
-6.2052,53.369561,,
-6.214298,53.369403,,
-6.208683,53.364375,,
-6.199753,53.366501,,
-6.212888,53.369152,,
-6.215823,53.368207,,
-6.218123,53.363627,,
-6.198571356,53.36462301,,
-6.2188093,53.3632516,,
-6.220797,53.36708,,
-6.210219,53.366012,,
-6.179777384,53.3659187,,
-6.210958,53.361689,,
-6.179021001,53.3655858,,
-6.178865433,53.36596992,,
-6.212361,53.367634,,
-6.193349447,53.36278527,,
-6.214010371,53.36759262,,
-6.221995354,53.39727657,,
-6.2035336,53.4022447,,
-6.1963262,53.3895585,,
-6.1977481,53.3874794,,
-6.222703457,53.39374516,,
-6.1962798,53.3958815,,
-6.225241,53.393717,,
-6.3021619,53.3234462,,
-6.3024768,53.3232715,,
-6.3018833,53.3211414,,
-6.3031563,53.3201805,,
-6.2988251,53.3254759,,
-6.2879349,53.3307195,,
-6.3085327,53.3185635,,
-6.310954,53.321883,,
-6.311908,53.322394,,
-6.2982343,53.323412,,
-6.2901948,53.330799,,
-6.2963463,53.3315392,,
-6.298309,53.323388,,
-6.2840076,53.3299105,,
-6.3016319,53.3197829,,
-6.3095398,53.3283861,,
-6.2957053,53.3313206,,
-6.302657,53.316643,,
-6.2993436,53.3256426,,
-6.2977574,53.3326066,,
-6.3045469,53.3172065,,
-6.2883683,53.330687,,
-6.304482222,53.32437987,,
-6.301645,53.328231,,
-6.3005,53.325088,,
-6.297804,53.32096,,
-6.116968,53.274868,,
-6.106492,53.2795,,
-6.1102236,53.2748884,,
-6.103731,53.273838,,
-6.106074673,53.27415088,,
-6.098173857,53.27169365,,
-6.09838,53.271644,,
-6.104859,53.283299,,
-6.114975214,53.2754918,,
-6.115297,53.275204,,
-6.106074673,53.27415088,,
-6.106817,53.280449,,
-6.106074673,53.27415088,,
-6.101837,53.274439,,
-6.108224,53.277703,,
-6.096162,53.271323,,
-6.10146,53.270661,,
-6.120251,53.276892,,
-6.214283,53.285636,,
-6.214283,53.285636,,
-6.113593,53.283164,,
-6.10172,53.280565,,
-6.113473177,53.28312556,,
-6.099142,53.275567,,
-6.094726,53.271785,,
-6.094572,53.272229,,
-6.116347,53.271572,,
-6.108213365,53.27242829,,
-6.10583,53.26742,,
-6.107411,53.280799,,
-6.1187982,53.2757253,,
-6.192125069,53.40239734,,
-6.254426,53.312823,,
-6.264072,53.310398,,
-6.260362,53.31398,,
-6.2627078,53.3104171,,
-6.2537038,53.3109596,,
-6.254877,53.310903,,
-6.253076,53.311647,,
-6.14621265,53.49329466,,
-6.14074,53.488507,,
-6.1376542,53.4935687,,
-6.1541524,53.4905122,,
-6.135925983,53.49214267,,
-6.141907397,53.49457692,,
-6.154382229,53.4866922,,
-6.156156,53.491048,,
-0.121314,51.5105692,,
-6.148887,53.493001,,
-6.141002,53.494592,,
-6.159601,53.490022,,
-6.148612,53.494223,,
-6.147987,53.495956,,
-6.151416,53.490448,,
-6.1431423,53.4951922,,
-6.146591,53.484171,,
-6.148259,53.4961362,,
-6.152975,53.490746,,
-6.141303,53.4876438,,
-6.150410085,53.48448794,,
-6.148287,53.484621,,
-6.141382771,53.49668567,,
-6.1471047,53.4961741,,
-6.154845,53.490419,,
-6.1499365,53.4932052,,
-6.111785,53.49245,,
-6.1430683,53.492942,,
-6.155363,53.48718,,
-6.142119,53.493581,,
-6.142132,53.493523,,
-6.142571,53.492435,,
-6.1342868,53.4910036,,
-6.145874262,53.49259038,,
-6.148832,53.49358,,
-6.145488024,53.48851463,,
-6.145530939,53.48860399,,
-6.137217807,53.49422947,,
-6.136969328,53.49462009,,
-6.145600677,53.48870777,,
-6.145600677,53.48870777,,
-6.14254978,53.49513202,,
-6.141777303,53.49510649,,
-6.144104004,53.4975432,,
-6.1226969,53.4750306,,
-6.113873,53.50163,,
-6.1549629,53.4869844,,
-6.14377141,53.49607529,,
-6.136969328,53.49462009,,
-6.15844,53.391779,,
-6.1709064,53.3955241,,
-6.1701219,53.3949619,,
-6.1665404,53.3916017,,
-6.168566287,53.39189745,,
-6.055318,53.374304,,
-6.1693189,53.3961453,,
-6.163287,53.393197,,
-6.1579667,53.3985806,,
-6.174144745,53.39745569,,
-6.168630123,53.40137058,,
-6.223131,53.312543,,
-6.2464685,53.3259841,,
-6.23404,53.318318,,
-6.234439,53.319552,,
-6.236177,53.324345,,
-6.214716,53.311885,,
-6.235977,53.323665,,
-6.2381935,53.320885,,
-6.220715,53.314842,,
-6.241536,53.319887,,
-6.234394,53.318085,,
-6.220545,53.315922,,
-6.235646,53.323403,,
-6.23807,53.318324,,
-6.2273836,53.3204214,,
-6.236028,53.322789,,
-6.245095,53.323165,,
-6.244906,53.322741,,
-6.245753,53.322939,,
-6.2313976,53.3138192,,
-6.245522,53.32254,,
-6.2124619,53.3074126,,
-6.2127001,53.3740709,,
-6.211173,53.37636,,
-6.2244548,53.3743625,,
-6.216786,53.37491,,
-6.225620558,53.37577909,,
-6.2203872,53.3759188,,
-6.2158704,53.3759365,,
-6.222483,53.374992,,
-6.212459,53.375469,,
-6.2259943,53.3748332,,
-6.220697,53.374657,,
-6.32835,53.330063,,
-6.3182481,53.3291465,,
-6.3298662,53.3285072,,
-6.324864775,53.32797123,,
-6.3170815,53.3341438,,
-6.321883722,53.32980331,,
-6.326243,53.331954,,
-6.325823,53.332033,,
-6.310104132,53.33345287,,
-6.32217,53.328529,,
-6.3139033,53.3308281,,
-6.3251984,53.3292872,,
-6.317608292,53.33454236,,
-6.325267781,53.32690121,,
-6.3150655,53.3312263,,
-6.325730111,53.32455232,,
-6.322056055,53.32572557,,
-6.3253053,53.3312365,,
-6.258436,53.366166,,
-6.246857,53.360017,,
-6.259903,53.371436,,
-6.2550822,53.3689202,,
-6.249791,53.3624,,
-6.240996,53.3778738,,
-6.249964767,53.36314111,,
-6.2605657,53.3712605,,
-6.2460523,53.3646577,,
-6.246312,53.37505,,
-6.251776,53.374862,,
-6.2611165,53.3626721,,
-6.2493246,53.3627562,,
-6.2598665,53.3761146,,
-6.2479105,53.3611162,,
-6.248863,53.375748,,
-6.263595,53.377006,,
-6.2339788,53.388641,,
-6.2430919,53.3782704,,
-6.252872944,53.36172908,,
-6.260038,53.372244,,
-6.259994209,53.37314106,,
-6.261694,53.377738,,
-6.239855,53.369704,,
-6.246602,53.374259,,
-6.255245,53.374252,,
-6.2558668,53.3625156,,
-6.2558668,53.3625156,,
-6.25446,53.3776269,,
-6.252252,53.368395,,
-6.2413572,53.3725657,,
-6.257958412,53.36982369,,
-6.264221,53.377063,,
-6.261448,53.362792,,
-6.258402,53.361536,,
-6.243774,53.376983,,
-6.259256,53.368223,,
-6.248020828,53.36960925,,
-6.2362269,53.3733197,,
-6.257269389,53.36416709,,
-6.23728,53.371704,,
-6.256424,53.364539,,
-6.2556314,53.3684993,,
-6.2572683,53.3619006,,
-6.254753,53.361918,,
-6.247112,53.361738,,
-6.257508,53.3731125,,
-6.259181,53.368185,,
-6.257981,53.359982,,
-6.2502435,53.3546522,,
-6.258218586,53.36031825,,
-6.248340011,53.35786272,,
-6.261198521,53.35930372,,
-6.268742,53.352778,,
-6.253331839,53.35788175,,
-6.2485334,53.354148,,
-6.242929442,53.35211494,,
-6.2592753,53.3607669,,
-6.168456,53.257134,,
-6.2431748,53.336953,,
-6.243067,53.341261,,
-6.242795,53.343253,,
-6.254043,53.335836,,
-6.247404,53.338241,,
-6.2431748,53.336953,,
-6.2183446,53.3105056,,
-6.220123,53.31994,,
-6.240219,53.333137,,
-6.218599674,53.32398999,,
-6.242967,53.333896,,
-6.272121668,53.35026242,,
-6.289328102,53.35736019,,
-6.305748,53.361601,,
-6.3134648,53.3685022,,
-6.261172296,53.35750984,,
-6.270175,53.355898,,
-6.269338,53.353904,,
-6.293603,53.356605,,
-6.269577742,53.35403828,,
-6.330332957,53.37084175,,
-6.313848,53.372138,,
-6.2903679,53.3488679,,
-6.330208,53.370477,,
-6.2686537,53.355487,,
-6.2685607,53.3554651,,
-6.268565456,53.35546446,,
-6.27616,53.346018,,
-6.273519126,53.33353043,,
-6.2800714,53.3416269,,
-6.271228,53.334241,,
-6.274156272,53.33620183,,
-6.276315451,53.33061029,,
-6.2787962,53.3327819,,
-6.280943,53.333466,,
-6.281504,53.340828,,
-6.280759871,53.33654657,,
-6.2742535,53.3378094,,
-6.2733816,53.3347334,,
-6.279664,53.341926,,
-6.2872178,53.3372995,,
-6.286570764,53.33626092,,
-6.2800885,53.336078,,
-6.305365,53.33727,,
-6.273998022,53.34190473,,
-6.283171177,53.33542184,,
-6.2823039,53.3356775,,
-6.278652784,53.33474233,,
-6.249806,53.278412,,
-6.253897,53.290019,,
-6.241431,53.291891,,
-6.254071,53.284819,,
-6.2314317,53.2794639,,
-6.2397043,53.2728744,,
-6.250927,53.287255,,
-6.243998,53.300892,,
-6.246245,53.285312,,
-6.23208046,53.2771598,,
-6.2368907,53.2811754,,
-6.237634,53.285237,,
-6.235355,53.276135,,
-6.228942,53.281784,,
-6.228267,53.281127,,
-6.230547,53.283013,,
-6.2552619,53.2883961,,
-6.250873,53.290381,,
-6.249272,53.297134,,
-6.2287776,53.2747695,,
-6.229799,53.279301,,
-6.254099,53.286552,,
-6.246378,53.297911,,
-6.24056,53.274563,,
-6.241003276,53.29359251,,
-6.240842343,53.29353266,,
-6.241046191,53.29360534,,
-6.240842343,53.29353266,,
-6.240842343,53.29353266,,
-6.227731,53.28131,,
-6.13233,53.289495,,
-6.13632,53.288193,,
-6.1310591,53.2916745,,
-6.159885659,53.27695405,,
-6.1399241,53.2943404,,
-6.1590609,53.2769802,,
-6.14261806,53.29422737,,
-6.143422,53.292085,,
-6.1509781,53.278363,,
-6.143287,53.292106,,
-6.1568159,53.2818838,,
-6.13261,53.2880051,,
-6.137307,53.290395,,
-6.151935,53.2823948,,
-6.132432335,53.28693445,,
-6.13844,53.290088,,
-6.138451,53.294894,,
-6.13183,53.290386,,
-6.14250626,53.2923323,,
-6.1434644,53.2819056,,
-6.141424,53.290852,,
-6.133999,53.290145,,
-6.155183,53.280364,,
-6.141687,53.292427,,
-6.136991,53.288206,,
-6.1332796,53.2867985,,
-6.130124,53.289007,,
-6.141534,53.289004,,
-6.157203913,53.27884056,,
-6.136153253,53.29137308,,
-6.137036,53.287029,,
-6.142946668,53.2829389,,
-6.142925211,53.28286834,,
-6.131808758,53.28674311,,
-6.135349274,53.28456236,,
-6.140947,53.288051,,
-6.2373862,53.3568645,,
-6.2378352,53.3547156,,
-6.2350445,53.3556395,,
-6.2354144,53.3578046,,
-6.235796,53.35753,,
-6.237568259,53.35578005,,
-6.237662852,53.35634757,,
-6.237713099,53.35229716,,
-6.2358136,53.3581632,,
-6.230441,53.354972,,
-6.2363157,53.357532,,
-6.2395455,53.3621019,,
-6.2383668,53.3621599,,
-6.240001,53.365102,,
-6.241001,53.366699,,
-6.239392161,53.36148002,,
-6.2921646,53.385681,,
-6.2974916,53.3790323,,
-6.3064535,53.3888913,,
-6.2889791,53.3835107,,
-6.2924031,53.4060279,,
-6.2894842,53.4052134,,
-6.2955381,53.3810656,,
-6.3251393,53.3947043,,
-6.318005,53.385767,,
-6.2923156,53.4073105,,
-6.321376562,53.39562478,,
-6.3141357,53.3810328,,
-6.2900168,53.406187,,
-6.3244964,53.3948049,,
-6.3079024,53.3791479,,
-6.3090436,53.3830128,,
-6.2991292,53.3867723,,
-6.29454,53.392348,,
-6.3136647,53.395754,,
-6.29162,53.393389,,
-6.2915706,53.3867185,,
-6.3144608,53.395525,,
-6.291237,53.3936894,,
-6.3076903,53.3967002,,
-6.30703,53.388325,,
-6.346233,53.277616,,
-6.340659,53.278667,,
-6.34482,53.277134,,
-6.3524687,53.2711542,,
-6.179970503,53.27386223,,
-6.165397,53.271589,,
-6.177141,53.275841,,
-6.1706233,53.2654171,,
-6.170112,53.268317,,
-6.176546,53.276781,,
-6.178346,53.2577004,,
-6.176627,53.275695,,
-6.181472,53.276036,,
-6.176421,53.256586,,
-6.192559,53.277241,,
-6.19255,53.272198,,
-6.1709,53.271484,,
-6.1860424,53.2772513,,
-6.168254,53.27061,,
-6.186193228,53.27656959,,
-6.172164,53.263098,,
-6.122437,53.235137,,
-6.1817741,53.2628774,,
-6.168088317,53.27090287,,
-6.171635,53.260383,,
-6.17981,53.267894,,
-6.17761406,53.26747101,,
-6.1661129,53.2768479,,
-6.1794272,53.2673979,,
-6.170058,53.272298,,
-6.179905,53.268722,,
-6.17713,53.264226,,
-6.4034307,53.57745624,,
-6.383162,53.580674,,
-6.379640326,53.56734376,,
-6.379640326,53.56734376,,
-6.384687424,53.56162232,,
-6.378218,53.55955,,
-6.289414871,53.39045143,,
-6.2873755,53.3938728,,
-6.280360222,53.37800381,,
-6.285073,53.377606,,
-6.266109,53.373589,,
-6.266305447,53.37487021,,
-6.26562953,53.37910462,,
-6.281153,53.377202,,
-6.286444,53.383173,,
-6.276652,53.390049,,
-6.2812527,53.3772174,,
-6.274523735,53.38531211,,
-6.2790563,53.3907059,,
-6.263502,53.377406,,
-6.267164,53.385766,,
-6.270709,53.392239,,
-6.2659692,53.3672957,,
-6.2797088,53.3920446,,
-6.2688577,53.3665083,,
-6.2745119,53.3875531,,
-6.285338402,53.39071732,,
-6.282654,53.3927713,,
-6.262445,53.367166,,
-6.2674305,53.3872899,,
-6.286012,53.3922757,,
-6.277071834,53.38252749,,
-6.269917,53.366707,,
-6.268604,53.365246,,
-6.27825737,53.37693242,,
-6.2828645,53.3708482,,
-6.2669489,53.3879101,,
-6.27727,53.378819,,
-6.268773079,53.36870344,,
-6.267827385,53.36634164,,
-6.273994,53.379749,,
-6.2886157,53.3965717,,
-6.271417,53.3881,,
-6.27797842,53.38817876,,
-6.282004,53.3812864,,
-6.273787,53.392437,,
-6.268579,53.3724175,,
-6.264084578,53.36577146,,
-6.266954,53.371099,,
-6.274070029,53.37740156,,
-6.12716,53.288625,,
-6.12724,53.286768,,
-6.1257183,53.2845674,,
-6.1270135,53.2861119,,
-6.1306,53.286434,,
-6.12648,53.284713,,
-6.122888,53.2837886,,
-6.135827,53.273675,,
-6.129133,53.275786,,
-6.130505,53.275881,,
-6.1288538,53.284248,,
-6.143255,53.283403,,
-6.130135,53.278856,,
-6.132018,53.285353,,
-6.117505,53.280193,,
-6.12663184,53.27572334,,
-6.1290828,53.2826547,,
-6.128248,53.273961,,
-6.126754,53.278198,,
-6.1339588,53.2828781,,
-6.127685,53.280147,,
-6.134861,53.28193,,
-6.126423,53.274555,,
-6.124024,53.279791,,
-6.237169,53.297742,,
-6.232911,53.30036,,
-6.2280051,53.2841501,,
-6.232488395,53.29794195,,
-6.2315228,53.2983908,,
-6.228055,53.28506,,
-6.2312461,53.2947414,,
-6.235345,53.296818,,
-6.2188036,53.2925173,,
-6.2304967,53.2909489,,
-6.235617,53.299384,,
-6.2302426,53.2970776,,
-6.230922,53.28954,,
-6.234119,53.300017,,
-6.236137,53.297556,,
-6.223915815,53.29431074,,
-6.223915815,53.29431074,,
-6.2434651,53.3395898,,
-6.334534,53.30569,,
-6.2765149,53.3305108,,
-6.2761548,53.3279773,,
-6.278537,53.32042,,
-6.274247,53.32706,,
-6.284362,53.317075,,
-6.28488,53.319107,,
-6.280103,53.321258,,
-6.2736,53.325873,,
-6.274776,53.323087,,
-6.280646,53.321156,,
-6.278761625,53.32781705,,
-6.2818,53.318431,,
-6.4236566,53.3920143,,
-6.3772325,53.4342656,,
-6.375884,53.428189,,
-6.381643,53.434933,,
-6.374888,53.428225,,
-6.37550354,53.43238531,,
-6.370353699,53.42405964,,
-6.369667053,53.42333081,,
-6.292988062,53.2849472,,
-6.292988062,53.2849472,,
-6.369667053,53.42333081,,
-6.292988062,53.2849472,,
-6.292988062,53.2849472,,
-6.369667053,53.42333081,,
-6.292988062,53.2849472,,
-6.369667053,53.42333081,,
-6.292988062,53.2849472,,
-6.066707,53.38717,,
-6.0706808,53.3846742,,
-6.06182456,53.38545288,,
-6.0554953,53.3742655,,
-6.064708,53.384458,,
-6.06935,53.385789,,
-6.064697,53.38379,,
-6.0651185,53.3832957,,
-6.066254,53.3856,,
-6.0673736,53.3821056,,
-6.0710778,53.3850706,,
-6.067599,53.38251,,
-6.090729,53.373211,,
-6.0690264,53.3680455,,
-6.057514,53.383493,,
-6.053369,53.380894,,
-6.063686013,53.37932621,,
-6.0622456,53.3754672,,
-6.058466,53.380343,,
-6.0935469,53.3916817,,
-6.0763141,53.366486,,
-6.05612,53.378742,,
-6.057071,53.37312,,
-6.061786,53.378852,,
-6.061276,53.369809,,
-6.076638401,53.36371958,,
-6.089225,53.392186,,
-6.061042,53.371995,,
-6.102137,53.390064,,
-6.055786098,53.37533214,,
-6.063989,53.37817,,
-6.053941,53.374861,,
-6.4119288,53.3982939,,
-6.330395,53.336759,,
-6.3133004,53.3364655,,
-6.3287963,53.3350128,,
-6.3272403,53.3383059,,
-6.321453,53.337831,,
-6.329726,53.337755,,
-6.328937,53.343586,,
-6.3087834,53.3383115,,
-6.3085811,53.3384644,,
-6.3085073,53.3384757,,
-6.311548,53.337027,,
-6.3261533,53.3393913,,
-6.332424,53.32958,,
-6.323062,53.337687,,
-6.327597936,53.33523243,,
-6.1603611,53.3901434,,
-6.158733,53.388133,,
-6.155401468,53.3878358,,
-6.1616681,53.3880964,,
-6.1532332,53.3871231,,
-6.2032467,53.3762503,,
-6.205027,53.375403,,
-6.211775,53.378367,,
-6.2104353,53.3764452,,
-6.2041744,53.3759036,,
-6.202708,53.375604,,
-6.202703,53.375605,,
-6.2022,53.373005,,
-6.200579,53.373774,,
-6.210082,53.378617,,
-6.199172,53.372532,,
-6.2073188,53.3761788,,
-6.197709,53.372136,,
-6.204945,53.375173,,
-6.122852,53.249355,,
-6.122321,53.251052,,
-6.1361967,53.2595001,,
-6.116836,53.26439,,
-6.120525,53.245907,,
-6.118946,53.243524,,
-6.119565,53.246816,,
-6.115696194,53.26573142,,
-6.116779,53.248941,,
-6.114171,53.249755,,
-6.115493,53.268668,,
-6.119376,53.245699,,
-6.116057,53.251416,,
-6.116252,53.26736,,
-6.136922,53.261689,,
-6.121126,53.245104,,
-6.123542,53.258387,,
-6.1234481,53.2668624,,
-6.123881,53.255096,,
-6.128633022,53.25983768,,
-6.115181,53.264614,,
-6.127506,53.261581,,
-6.1181155,53.2658532,,
-6.115083,53.255644,,
-6.1165365,53.269922,,
-6.1238281,53.257346,,
-6.117303,53.258884,,
-6.115772,53.254953,,
-6.121027,53.254926,,
-6.13058567,53.26746397,,
-6.1159155,53.2657532,,
-6.117506,53.258749,,
-6.1182015,53.2615454,,
-6.11606,53.253362,,
-6.1185716,53.2477343,,
-6.1277318,53.27148834,,
-6.115829,53.262881,,
-6.298522,53.342129,,
-6.2952938,53.3412483,,
-6.300693,53.3405892,,
-6.307604,53.337417,,
-6.308629,53.337006,,
-6.302774711,53.33959475,,
-6.305215,53.340529,,
-6.300877,53.33965,,
-6.304489374,53.34167701,,
-6.2172354,53.3950387,,
-6.221935,53.3956801,,
-6.225241,53.393717,,
-6.2226307,53.3969261,,
-6.361645,53.302826,,
-6.361793169,53.30045161,,
-6.3667405,53.2996204,,
-6.357982,53.3041265,,
-6.184146,53.235906,,
-6.181329,53.226432,,
-6.190763712,53.23465689,,
-6.166492,53.234259,,
-6.29621,53.319376,,
-6.3092369,53.3124909,,
-6.2926619,53.3178562,,
-6.295853,53.3152313,,
-6.288695,53.316856,,
-6.298788,53.319523,,
-6.3696819,53.3092028,,
-6.369314,53.308962,,
-6.372958,53.304652,,
-6.4183922,53.3010163,,
-6.419845819,53.29892761,,
-6.1987005,53.4415727,,
-6.195823,53.442733,,
-6.19629,53.4462008,,
-6.203785837,53.44069624,,
-6.202666,53.44482,,
-6.20148,53.4432899,,
-6.2002284,53.4432229,,
-6.198202,53.441961,,
-6.1922815,53.4249673,,
-6.204539537,53.44049973,,
-6.2123978,53.4519538,,
-6.204539537,53.44049973,,
-6.197937157,53.42519348,,
-6.203637383,53.44262925,,
-6.204539537,53.44049973,,
-6.3281116,53.2726411,,
-6.324158,53.2876617,,
-6.3256148,53.2736218,,
-6.314875,53.290061,,
-6.320164204,53.28079068,,
-6.306295,53.283019,,
-6.330002,53.278772,,
-6.325921,53.285842,,
-6.314663,53.286684,,
-6.309486,53.287725,,
-6.3199535,53.2817101,,
-6.307107,53.285238,,
-6.319879,53.281265,,
-6.319032,53.285861,,
-6.199411,53.2617,,
-6.1942546,53.25913,,
-6.197338,53.261233,,
-6.205818,53.262959,,
-6.2125993,53.2694114,,
-6.2117352,53.2670848,,
-6.21044,53.264226,,
-6.131745,53.2416179,,
-6.13624,53.249412,,
-6.1351812,53.2502902,,
-6.1360631,53.2438044,,
-6.0983915,53.5478386,,
-6.0838322,53.5466373,,
-6.42295318,53.34409804,,
-6.44301586,53.33745156,,
-6.41179,53.352769,,
-6.4652688,53.3511816,,
-6.412491,53.35139,,
-6.4582855,53.3469916,,
-6.417635,53.356566,,
-6.421433687,53.35795397,,
-6.417295,53.35231,,
-6.42605992,53.33925077,,
-6.456872356,53.35366162,,
-6.456699371,53.35355095,,
-6.4600178,53.3536071,,
-6.4341447,53.3486362,,
-6.41054145,53.35441978,,
-6.420687,53.349942,,
-6.4404642,53.3367441,,
-6.4145029,53.3433595,,
-6.430823,53.342159,,
-6.471444,53.357277,,
-6.447335,53.357702,,
-6.446346,53.338212,,
-6.4184042,53.3556114,,
-6.426498,53.345957,,
-6.414558,53.342261,,
-6.434586281,53.35938845,,
-6.461311,53.3483327,,
-6.456398,53.353142,,
-6.4689911,53.3512437,,
-6.420125,53.357483,,
-6.437351462,53.35934054,,
-6.465849319,53.33774604,,
-6.433237,53.348008,,
-6.4132332,53.3525286,,
-6.455319,53.3640443,,
-6.429665,53.351326,,
-6.4190497,53.3485617,,
-6.45037271,53.33991967,,
-6.4378397,53.3372732,,
-6.441616,53.335981,,
-6.454270743,53.3632891,,
-6.438892,53.355697,,
-6.43411696,53.35114537,,
-6.463453,53.350452,,
-6.4233528,53.3390554,,
-6.459048,53.347184,,
-6.4285375,53.3415609,,
-6.43520612,53.35350592,,
-6.4188795,53.3505445,,
-6.442943016,53.33555737,,
-6.4184969,53.3536893,,
-6.471409,53.357907,,
-6.443617,53.358371,,
-6.420384,53.353137,,
-6.458587646,53.35440649,,
-6.458587646,53.35440649,,
-6.451040447,53.34477239,,
-6.4452045,53.4086298,,
-6.4803338,53.3637733,,
-6.493173267,53.31711101,,
-6.439101354,53.33557014,,
-6.448826,53.351522,,
-6.17147353,53.52393113,,
-6.177142,53.524498,,
-6.159958,53.527754,,
-6.160768,53.526339,,
-6.1581577,53.5263383,,
-6.173854,53.522305,,
-6.1722044,53.5225513,,
-6.161605,53.529096,,
-6.175355,53.526493,,
-6.164381504,53.53188407,,
-6.193799,53.536762,,
-6.167191,53.526433,,
-6.190280914,53.52612549,,
-6.164381504,53.53188407,,
-6.162709,53.516543,,
-6.1848624,53.4476286,,
-6.1751802,53.4519409,,
-6.1826053,53.4516848,,
-6.1748795,53.4456755,,
-6.1319958,53.4444483,,
-6.178084,53.445388,,
-6.136808395,53.44357994,,
-6.132516,53.445694,,
-6.137613058,53.44359783,,
-6.149622,53.446193,,
-6.1471705,53.4429607,,
-6.1523903,53.443825,,
-6.152394,53.443824,,
-6.1496689,53.4472622,,
-6.1740668,53.4461258,,
-6.172539,53.446465,,
-6.1863055,53.4563189,,
-6.137613058,53.44359783,,
-6.1486799,53.4484083,,
-6.156251,53.448341,,
-6.137613058,53.44359783,,
-6.15446891,53.44170358,,
-6.139662266,53.44388667,,
-6.199014187,53.45146477,,
-6.135864258,53.44303037,,
-6.137613058,53.44359783,,
-6.137613058,53.44359783,,
-6.1336779,53.4457003,,
-6.1731771,53.4252423,,
-6.175653,53.442522,,
-6.175183,53.453196,,
-6.148382,53.449764,,
-6.1726838,53.4465383,,
-6.1545406,53.4376391,,
-6.1679397,53.4509986,,
-6.1880397,53.4517276,,
-6.15598774,53.44935123,,
-6.15291,53.449577,,
-6.1837628,53.4476916,,
-6.18293,53.442982,,
-6.137613058,53.44359783,,
-6.173946,53.451882,,
-6.139276,53.447908,,
-6.144761398,53.44322463,,
-6.182777,53.454183,,
-6.172492504,53.45242312,,
-6.154843569,53.45139449,,
-6.186582148,53.45307478,,
-6.1676078,53.452577,,
-6.1831174,53.4498178,,
-6.1669169,53.4489594,,
-6.186048388,53.45052237,,
-6.164411545,53.43345147,,
-6.151058,53.432915,,
-6.1796888,53.4290046,,
-6.152729988,53.44469182,,
-6.164411545,53.43345147,,
-6.182121,53.421423,,
-6.1986385,53.4519702,,
-6.175395,53.472235,,
-6.143540869,53.44583419,,
-6.151165105,53.45087701,,
-6.1811357,53.4381991,,
-6.173,53.451882,,
-6.180785894,53.44001403,,
-6.181404734,53.43859129,,
-6.180785894,53.44001403,,
-6.180785894,53.44001403,,
-6.13805294,53.44370135,,
-6.182851,53.452941,,
-6.17253,53.419048,,
-6.186182499,53.45073385,,
-6.186182499,53.45074919,,
-6.2376194,53.3652025,,
-6.2343609,53.3703417,,
-6.229937,53.368118,,
-6.239118576,53.36581627,,
-6.23401165,53.36572664,,
-6.235071935,53.36797065,,
-6.230378,53.368825,,
-6.230847766,53.369024,,
-6.237694,53.3670587,,
-6.2320912,53.3667946,,
-6.205148,53.3128351,,
-6.24841,53.314006,,
-6.243351511,53.30875319,,
-6.243244,53.307755,,
-6.25373,53.306814,,
-6.147538,53.283546,,
-6.1656974,53.2971375,,
-6.168869,53.296085,,
-6.158738,53.288958,,
-6.1586414,53.2828017,,
-6.15106,53.2944,,
-6.163785,53.298178,,
-6.1572588,53.2862484,,
-6.157016,53.291562,,
-6.16089,53.296627,,
-6.166085,53.295975,,
-6.154532,53.294525,,
-6.154362,53.294771,,
-6.145179,53.29449,,
-6.15296,53.291677,,
-6.16019,53.296478,,
-6.145892,53.291713,,
-6.149191,53.293697,,
-6.1594348,53.2841381,,
-6.164306638,53.2952966,,
-6.156345,53.28584,,
-6.1618208,53.2880689,,
-6.159076,53.2876477,,
-6.156063,53.290917,,
-6.156807,53.293285,,
-6.1582872,53.286289,,
-6.160031,53.286847,,
-6.155332,53.2945412,,
-6.146146,53.289416,,
-6.166366,53.297598,,
-6.158283,53.294716,,
-6.156232953,53.29453919,,
-6.211206,53.290002,,
-6.204346,53.297307,,
-6.208147,53.299839,,
-6.218809,53.292517,,
-6.212294,53.299951,,
-6.216876,53.2979329,,
-6.2121929,53.2934035,,
-6.4013892,53.4035883,,
-6.403304,53.398827,,
-6.390690207,53.40462632,,
-6.2701454,53.5857606,,
-6.2703058,53.5859567,,
-6.231533,53.598196,,
-6.286301315,53.55601417,,
-6.250345,53.604903,,
-6.288471222,53.58598365,,
-6.3197172,53.367402,,
-6.3284903,53.3723792,,
-6.316623688,53.37413797,,
-6.307223,53.360837,,
-6.31883,53.367221,,
-6.3124874,53.3644688,,
-6.3632064,53.3748053,,
-6.3192157,53.3702092,,
-6.324056,53.369811,,
-6.302550459,53.36096486,,
-6.330198,53.371852,,
-6.319455027,53.37106349,,
-6.314949,53.3637794,,
-6.308362484,53.36107857,,
-6.312931627,53.37177766,,
-6.494191289,53.29944217,,
-6.49196237,53.29778816,,
-6.493202738,53.30048622,,
-6.496646729,53.29552031,,
-6.4939114,53.2953671,,
-6.5026805,53.3015646,,
-6.494231522,53.29924981,,
-6.4912346,53.2968595,,
-6.493614614,53.29932996,,
-6.520876,53.279588,,
-6.534519,53.281084,,
-6.495736,53.317296,,
-6.493930578,53.29836849,,
-6.494126916,53.29917127,,
-6.494126916,53.29917127,,
-6.494126916,53.29917127,,
-6.498517,53.299489,,
-6.535764066,53.28173938,,
-6.502586603,53.29999199,,
-6.4930229,53.3168684,,
-6.277960408,53.35846316,,
-6.292870045,53.35527738,,
-6.258816719,53.3595291,,
-6.283197999,53.35868712,,
-6.295672,53.351829,,
-6.28090756,53.35937434,,
-6.2965044,53.3528998,,
-6.252469,53.356855,,
-6.3093,53.361437,,
-6.253982927,53.35841624,,
-6.2507012,53.3573598,,
-6.280561,53.360227,,
-6.254239271,53.35795351,,
-6.2405105,53.3571633,,
-6.2424385,53.3591634,,
-6.244063,53.35753,,
-6.2433001,53.3565981,,
-6.243304876,53.35659753,,
-6.2436708,53.3577875,,
-6.242637634,53.35795397,,
-6.239952,53.3600236,,
-6.2395892,53.3603512,,
-6.3714465,53.2803109,,
-6.313926,53.528121,,
-6.318881771,53.52518027,,
-6.439818204,53.39623847,,
-6.4431544,53.3946683,,
-6.443574,53.394647,,
-6.440698055,53.39529346,,
-6.433129,53.3937236,,
-6.373559,53.353421,,
-6.3921382,53.3362138,,
-6.360137813,53.3512162,,
-6.3827569,53.3468361,,
-6.3838258,53.3443013,,
-6.3707936,53.3522893,,
-6.365228,53.349779,,
-6.3754029,53.3538224,,
-6.3789926,53.347913,,
-6.374927,53.3534777,,
-6.3720676,53.3539314,,
-6.3718985,53.3498844,,
-6.3605025,53.3508477,,
-6.372591463,53.35139925,,
-6.390980688,53.33643664,,
-6.3727618,53.3576895,,
-6.312545,53.31164,,
-6.3216489,53.3079669,,
-6.273907,53.3625635,,
-6.2733237,53.3640805,,
-6.2640848,53.3589556,,
-6.2745707,53.3602468,,
-6.26383,53.359342,,
-6.2708322,53.3555625,,
-6.2733,53.356615,,
-6.273066,53.363373,,
-6.277174,53.360998,,
-6.2790661,53.3575622,,
-6.276728,53.362452,,
-6.2759637,53.358597,,
-6.278512,53.359137,,
-6.276740974,53.36299633,,
-6.270573,53.363435,,
-6.269576,53.363618,,
-6.278573871,53.35685582,,
-6.279505,53.365431,,
-6.2824658,53.3611975,,
-6.282516718,53.36116821,,
-6.2654999,53.3569307,,
-6.136041582,53.42277654,,
-6.1368047,53.4273528,,
-6.133954525,53.43513375,,
-6.1362907,53.4354455,,
-6.1357636,53.4369269,,
-6.1317476,53.4364567,,
-6.132481,53.429758,,
-6.1335624,53.4361283,,
-6.132938,53.4336362,,
-6.1336734,53.4366845,,
-6.139812469,53.43571921,,
-6.1502519,53.4193726,,
-6.1256762,53.4317364,,
-6.132441,53.4236883,,
-6.1318135,53.4311801,,
-6.1371369,53.424778,,
-6.155062982,53.41893793,,
-6.137881279,53.42156623,,
-6.125549,53.431964,,
-6.140445471,53.41957139,,
-6.2660836,53.33068,,
-6.270513,53.330172,,
-6.269037,53.331872,,
-6.2657283,53.3305768,,
-6.2667346,53.33314747,,
-6.2720249,53.331182,,
-6.272195,53.329915,,
-6.2704926,53.3340767,,
-6.2684629,53.3348226,,
-6.2720147,53.3310687,,
-6.268291602,53.33209267,,
-6.11462,53.4932,,
-6.128287411,53.50789797,,
-6.196915691,53.40260264,,
-6.162018,53.381091,,
-6.17433761,53.38729651,,
-6.1814402,53.3877807,,
-6.1707689,53.3840569,,
-6.1497901,53.385273,,
-6.17628261,53.39137004,,
-6.1649953,53.3780996,,
-6.17435783,53.38156364,,
-6.1751861,53.3757308,,
-6.1823186,53.3917834,,
-6.1633556,53.3781978,,
-6.1725991,53.3810212,,
-6.17845,53.376001,,
-6.1730342,53.3769183,,
-6.180826,53.383207,,
-6.178146,53.381571,,
-6.143702,53.384953,,
-6.1828354,53.387542,,
-6.163724,53.382124,,
-6.172958,53.376438,,
-6.178337,53.375319,,
-6.1720714,53.3842378,,
-6.1656751,53.3797197,,
-6.1835914,53.3800226,,
-6.167754,53.377584,,
-6.1762528,53.3763789,,
-6.1890448,53.3789946,,
-6.182009,53.383618,,
-6.16417715,53.38693387,,
-6.18197355,53.37707906,,
-6.185421,53.3900045,,
-6.189802,53.378783,,
-6.1649948,53.3813767,,
-6.176654,53.38376,,
-6.164133,53.376595,,
-6.1713411,53.3786057,,
-6.1577893,53.384194,,
-6.165325642,53.37584052,,
-6.247535,53.326553,,
-6.261447,53.326641,,
-6.262383,53.328818,,
-6.260773,53.32939,,
-6.2523053,53.3265861,,
-6.251118,53.316239,,
-6.246469,53.319297,,
-6.252775,53.322776,,
-6.2557042,53.3213135,,
-6.259821,53.324697,,
-6.247116,53.319312,,
-6.253674,53.318849,,
-6.261118,53.328021,,
-6.2467744,53.3196906,,
-6.2534539,53.32519,,
-6.253525,53.331035,,
-6.259746,53.325193,,
-6.261204,53.328107,,
-6.2470679,53.321258,,
-6.2582255,53.3236439,,
-6.24618,53.320353,,
-6.250727177,53.32667447,,
-6.250115,53.322882,,
-6.25413,53.328256,,
-6.257776,53.325066,,
-6.2539872,53.324162,,
-6.472529,53.278673,,
-6.4716307,53.2769964,,
-6.470482512,53.27828212,,
-6.463196485,53.28250269,,
-6.4715167,53.2783132,,
-6.2926516,52.678708,,
-6.475131512,53.2727972,,
-6.473097499,53.28027355,,
-6.452900022,53.34800236,,
-6.463565834,53.28233173,,
-6.476504803,53.25104689,,
-6.5130566,53.2660013,,
-6.468647003,53.27848388,,
-6.468647003,53.27848388,,
-6.294402,53.296831,,
-6.303944,53.28154,,
-6.303379,53.295312,,
-6.310924,53.278111,,
-6.290291,53.296059,,
-6.255094,53.267872,,
-6.291486522,53.27818281,,
-6.285958,53.289126,,
-6.304742,53.295587,,
-6.2969018,53.2866203,,
-6.301244,53.291481,,
-6.292655468,53.27776116,,
-6.308871,53.277288,,
-6.304815,53.275086,,
-6.2728855,53.2904786,,
-6.2996548,53.2920902,,
-6.285640955,53.2896087,,
-6.2874425,53.2911902,,
-6.28912,53.284189,,
-6.294672,53.276978,,
-6.2704223,53.2841137,,
-6.288503,53.296441,,
-6.30458,53.2743408,,
-6.306339,53.294029,,
-6.303455,53.287313,,
-6.274305,53.281287,,
-6.30617,53.282761,,
-6.273154,53.301284,,
-6.289875,53.288505,,
-6.291601,53.283296,,
-6.305297,53.293628,,
-6.284897,53.2762213,,
-6.285184493,53.28983747,,
-6.298914,53.293903,,
-6.279029846,53.30471083,,
-6.258909,53.272574,,
-6.269689,53.300165,,
-6.296705,53.285706,,
-6.273309,53.292175,,
-6.30099,53.275417,,
-6.277018,53.303786,,
-6.292204,53.279163,,
-6.292006,53.294479,,
-6.281196,53.296688,,
-6.291374,53.298244,,
-6.30415,53.274489,,
-6.279732,53.288387,,
-6.2968571,53.2897821,,
-0.6183584,54.473832,,
-6.298449039,53.27691602,,
-6.2983407,53.276737,,
-6.305392,53.287494,,
-6.295827,53.295144,,
-6.28326,53.288835,,
-6.2647113,53.2832935,,
-6.27587,53.304674,,
-6.2886935,53.2994124,,
-6.266906,53.279728,,
-6.265026,53.280898,,
-6.290187836,53.29205341,,
-6.279609,53.293708,,
-6.280689,53.291035,,
-6.305848,53.289795,,
-6.299326,53.279337,,
-6.27392,53.30373,,
-6.2831668,53.310041,,
-6.269009113,53.28140533,,
-6.301854,53.29167,,
-6.3120496,53.2776551,,
-6.289357,53.298122,,
-6.272976,53.28245,,
-6.265609,53.281693,,
-6.293148994,53.28468551,,
-6.307042837,53.29441334,,
-6.297140121,53.27719829,,
-6.294403672,53.29649631,,
-6.305347681,53.27463211,,
-6.305347681,53.27463211,,
-6.270313,53.302525,,
-6.277637243,53.24462724,,
-6.281369,53.291558,,
-6.306120157,53.27887905,,
-6.306120157,53.27887905,,
-6.306120157,53.27887905,,
-6.303531,53.265661,,
-6.267558,53.307459,,
-6.276193,53.305466,,
-6.270843,53.318366,,
-6.2746323,53.3135766,,
-6.2770662,53.3193171,,
-6.276594,53.31308,,
-6.274576671,53.31994554,,
-6.280141,53.306917,,
-6.2784149,53.3189657,,
-6.258542,53.30363,,
-6.276754,53.319803,,
-6.269804239,53.31264848,,
-6.276181,53.31431,,
-6.267031,53.316225,,
-6.270804,53.306955,,
-6.268476,53.311944,,
-6.272066832,53.30908299,,
-6.271862984,53.30917273,,
-6.27394,53.313711,,
-6.273727,53.310566,,
-6.2733809,53.310614,,
-6.26738,53.315918,,
-6.279275,53.312119,,
-6.2772183,53.3061996,,
-6.2683628,53.3162419,,
-6.278216,53.30559,,
-6.273229,53.313984,,
-6.267541,53.315175,,
-6.27769,53.305513,,
-6.267795,53.313142,,
-6.270596981,53.30873682,,
-6.1311113,53.2416128,,
-6.1530734,53.2203215,,
-6.131735698,53.21523695,,
-6.137473583,53.22511008,,
-6.145701,53.2251814,,
-6.1661,53.23483,,
-6.1314765,53.2373693,,
-6.139683723,53.21921973,,
-6.264847666,53.3264574,,
-6.264924109,53.32611698,,
-6.263075695,53.32300448,,
-6.264814,53.32613,,
-6.2631025,53.3279211,,
-6.267222,53.322868,,
-6.266633,53.319909,,
-6.2653615,53.315985,,
-6.257381,53.318379,,
-6.261398,53.316951,,
-6.27302,53.321571,,
-6.262158,53.317244,,
-6.273364372,53.3219738,,
-6.2561139,53.3178827,,
-6.264412,53.327198,,
-6.261790415,53.32418267,,
-6.2627754,53.3247689,,
-6.262741,53.320199,,
-6.27364,53.322749,,
-6.272120476,53.32954027,,
-6.262181,53.324677,,
-6.259891,53.319549,,
-6.2671385,53.3290589,,
-6.257997,53.315608,,
-6.255089,53.314896,,
-6.302367,53.3357543,,
-6.2914777,53.3382327,,
-6.2915119,53.3357027,,
-6.297847,53.335539,,
-6.291379,53.335482,,
-6.296,53.331698,,
-6.302004,53.336421,,
-6.2980307,53.3329757,,
-6.233104,53.341009,,
-6.2031247,53.3408809,,
-6.227642,53.342887,,
-6.233781,53.339886,,
-6.233127,53.341267,,
-6.23318,53.340132,,
-6.2183716,53.3429872,,
-6.2333495,53.3416077,,
-6.22627,53.343192,,
-6.213432401,53.34238585,,
-6.232416,53.341167,,
-6.225987813,53.34146382,,
-6.295078,53.487217,,
-6.092116,53.526627,,
-6.1074151,53.522723,,
-6.092049702,53.52583857,,
-6.092858,53.534967,,
-6.098978,53.530407,,
-6.088081,53.522055,,
-6.094982,53.537392,,
-6.093592644,53.52232924,,
-6.093286872,53.53455294,,
-6.092971,53.53259,,
-6.0936801,53.5321477,,
-6.10066,53.528095,,
-6.087569,53.521718,,
-6.081325,53.519983,,
-6.0931523,53.5362265,,
-6.105437279,53.52268132,,
-6.086769104,53.5238039,,
-6.102348,53.518583,,
-6.105466783,53.52264943,,
-6.097455025,53.53261124,,
-6.085314,53.521565,,
-6.095038354,53.51867554,,
-6.091479063,53.52400162,,
-6.4426616,53.2778967,,
-6.4525263,53.2813782,,
-6.44073084,53.28451069,,
-6.446903025,53.27862389,,
-6.449134466,53.27897036,,
-6.4522457,53.2817638,,
-6.449747086,53.27926395,,
-6.449253559,53.2807137,,
-6.4227352,53.2791341,,
-6.4240504,53.277691,,
-6.44986003,53.28229345,,
-6.4378707,53.2802181,,
-6.4322328,53.2613413,,
-6.140979,53.2787933,,
-6.1425949,53.2778648,,
-6.119208,53.285492,,
-6.111533,53.285672,,
-6.1202336,53.2821931,,
-6.1116238,53.2849463,,
-6.11759,53.284345,,
-6.113406191,53.28407748,,
-6.114681,53.285676,,
-6.11712,53.287264,,
-6.1165788,53.2858947,,
-6.221742,53.262685,,
-6.224803,53.268047,,
-6.216998148,53.26351512,,
-6.2248934,53.2749577,,
-6.249417171,53.26751217,,
-6.2102456,53.2615142,,
-6.214771,53.261998,,
-6.218637,53.265639,,
-6.2104432,53.2621205,,
-6.234018,53.271137,,
-6.224051,53.270063,,
-6.22746706,53.26395517,,
-6.225475,53.270613,,
-6.222734302,53.2693806,,
-6.230315,53.264274,,
-6.227795,53.266518,,
-6.224473715,53.2698522,,
-6.2157482,53.3300548,,
-6.2110551,53.3285653,,
-6.215657,53.334902,,
-6.2176544,53.3357626,,
-6.2166491,53.3351434,,
-6.218574,53.333102,,
-6.2122421,53.3304943,,
-6.228614732,53.33831033,,
-6.231255,53.335957,,
-6.2177094,53.3343782,,
-6.220356019,53.33697168,,
-6.22558,53.337908,,
-6.218693018,53.33488882,,
-6.210168,53.32477,,
-6.217716,53.326285,,
-6.217176,53.326453,,
-6.212521,53.333568,,
-6.2129758,53.3247611,,
-6.214448,53.333683,,
-6.212598,53.324073,,
-6.215488,53.330692,,
-6.2132662,53.3234594,,
-6.228624433,53.33674758,,
-6.208122603,53.32105914,,
-6.210718,53.322505,,
-6.214732788,53.3308376,,
-6.2201285,53.3362481,,
-6.21088028,53.32792718,,
-6.214666,53.326238,,
-6.213539,53.33182,,
-6.21142745,53.32483699,,
-6.223509,53.336152,,
-6.222989,53.331,,
-6.221967189,53.33772491,,
-6.2611652,53.3913058,,
-6.2324143,53.4087906,,
-6.2517277,53.3966142,,
-6.2371408,53.4029816,,
-6.244479021,53.38860404,,
-6.237518,53.402399,,
-6.258746844,53.3926456,,
-6.2545587,53.3906065,,
-6.245920658,53.38882182,,
-6.246194243,53.39000232,,
-6.249997,53.2961943,,
-6.264435947,53.40248038,,
-6.25578999,53.38948751,,
-6.264435947,53.40248038,,
-6.2468591,53.38957065,,
-6.257744448,53.38821679,,
-6.2315292,53.3992691,,
-6.240184,53.400535,,
-6.2607063,53.3924423,,
-6.259317,53.392595,,
-6.2437749,53.3962856,,
-6.23588,53.398941,,
-6.2410578,53.3995781,,
-6.251413,53.395702,,
-6.264081209,53.40353929,,
-6.263995378,53.40358406,,
-6.2433483,53.4003083,,
-6.11940952,53.23333372,,
-6.122597,53.231435,,
-6.120828,53.237102,,
-6.1144973,53.234199,,
-6.117655,53.232112,,
-6.130466,53.230323,,
-6.21905,53.275504,,
-6.1271,53.234333,,
-6.12579,53.227834,,
-6.1306088,53.2388794,,
-6.1117071,53.2308891,,
-6.123411,53.230746,,
-6.110857,53.230597,,
-6.12368,53.239328,,
-6.1207143,53.2206006,,
-6.1156376,53.2364473,,
-6.102474,53.570592,,
-6.123747,53.57908,,
-6.130097508,53.58068448,,
-6.11462,53.580283,,
-6.1332113,53.5832875,,
-6.11489,53.570278,,
-6.144715548,53.58286282,,
-6.1035704,53.5712352,,
-6.122569,53.5782927,,
-6.1100952,53.5734435,,
-6.0957498,53.5473236,,
-6.144715548,53.58286282,,
-6.1058597,53.5772683,,
-6.1308549,53.5836671,,
-6.115563,53.578224,,
-6.098394,53.547838,,
-6.124366,53.57902,,
-6.13301,53.583024,,
-6.102173,53.549019,,
-6.152894749,53.55226617,,
-6.149605,53.5854,,
-6.125011,53.583469,,
-6.158088447,53.54678707,,
-6.102584,53.574703,,
-6.143202782,53.57383023,,
-6.1075965,53.5806646,,
-6.10600736,53.58239006,,
-6.1031642,53.5845074,,
-6.122241,53.56213,,
-6.106762,53.573819,,
-6.273691,53.349363,,
-6.2736192,53.3488117,,
-6.2757083,53.3494802,,
-6.277744,53.331941,,
-6.27245502,53.33290649,,
-6.283402,53.335238,,
-6.294038,53.336122,,
-6.276606037,53.33366081,,
-6.278475,53.332786,,
-6.294914,53.335481,,
-6.277742386,53.33253882,,
-6.280262,53.336126,,
-6.221742,53.262685,,
-6.2103861,53.2518697,,
-6.2185542,53.25946,,
-6.2187297,53.2570182,,
-6.217925102,53.26040148,,
-6.215064526,53.25238976,,
-6.209947,53.253755,,
-6.219219,53.256651,,
-6.22153,53.238323,,
-6.248453855,53.26727699,,
-6.21815,53.249065,,
-6.210897,53.260011,,
-6.205966,53.281297,,
-6.211205632,53.28092763,,
-6.202377,53.290867,,
-6.209048,53.287619,,
-6.1979615,53.2817603,,
-6.204721,53.29066,,
-6.191467,53.278164,,
-6.196568,53.286229,,
-6.214656,53.287207,,
-6.215506,53.284737,,
-6.2109006,53.2873985,,
-6.210034,53.286749,,
-6.2019516,53.2847997,,
-6.293787,53.353966,,
-6.283915,53.353828,,
-6.287505,53.3520433,,
-6.286022,53.352592,,
-6.288113,53.353902,,
-6.287432,53.352741,,
-6.282414,53.353094,,
-6.292236,53.353855,,
-6.280417,53.351863,,
-6.283451804,53.3500032,,
-6.293301,53.358342,,
-6.284634,53.350975,,
-6.28861,53.352617,,
-6.284405,53.352243,,
-6.287603,53.35465,,
-6.285964,53.350148,,
-6.140062,53.386588,,
-6.11561358,53.38877703,,
-6.125907567,53.3910144,,
-6.121802,53.39057,,
-6.1001371,53.3885567,,
-6.096894,53.379231,,
-6.148193,53.3882485,,
-6.1192967,53.3910739,,
-6.1195873,53.3904923,,
-6.142318,53.38675,,
-6.124395132,53.39103563,,
-6.1160857,53.391283,,
-6.1401108,53.3906856,,
-6.098933,53.374777,,
-6.1348038,53.3871888,,
-6.097924,53.390051,,
-6.1028188,53.3891403,,
-6.1132638,53.3903649,,
-6.100139,53.383544,,
-6.140202,53.385772,,
-6.091148,53.373457,,
-6.12545,53.388973,,
-6.100017,53.385934,,
-6.2428193,53.4634578,,
-6.2431539,53.4635584,,
-6.2113414,53.442065,,
-6.206471,53.451906,,
-6.2385336,53.4730902,,
-6.2325567,53.4615208,,
-6.232503,53.4615762,,
-6.238605,53.47311,,
-6.2369099,53.4646416,,
-6.229602,53.454014,,
-6.2277637,53.4652297,,
-6.24897,53.449615,,
-6.210826635,53.44274281,,
-6.23564555,53.47190606,,
-6.213118,53.464349,,
-6.25017748,53.4631789,,
-6.235536,53.461233,,
-6.243925095,53.47333527,,
-6.2381549,53.4614052,,
-6.2438087,53.44531109,,
-6.2396976,53.444877,,
-6.23727561,53.47182231,,
-6.237084547,53.47220017,,
-6.2092769,53.4415539,,
-6.212066,53.445083,,
-6.229711,53.467816,,
-6.2916419,53.4521592,,
-6.2162893,53.4570414,,
-6.2531791,53.4618744,,
-6.247846,53.44933,,
-6.2318001,53.4668957,,
-6.248001,53.449349,,
-6.250159889,53.45041918,,
-6.240873323,53.47448503,,
-6.2373941,53.4433244,,
-6.230482,53.464746,,
-6.2453878,53.4460576,,
-6.2374558,53.4687244,,
-6.2401156,53.4457095,,
-6.2123978,53.4519538,,
-6.250159889,53.45041918,,
-6.2336403,53.4574908,,
-6.2315851,53.4723036,,
-6.2480186,53.4470389,,
-6.2344247,53.4616605,,
-6.211684942,53.44514552,,
-6.2297134,53.4711029,,
-6.245024,53.4462901,,
-6.237291,53.445884,,
-6.2438533,53.4461163,,
-6.2392007,53.47007149,,
-6.2093908,53.4424501,,
-6.227531433,53.50156375,,
-6.291578,53.490297,,
-6.196246147,53.44143276,,
-6.266334,53.455726,,
-6.230308978,53.45765463,,
-6.212718625,53.44254895,,
-6.202973127,53.44074257,,
-6.202973127,53.44074257,,
-6.3709247,53.2800218,,
-6.381519,53.2870039,,
-6.34327878,53.29510338,,
-6.3877478,53.2739613,,
-6.3836327,53.2855811,,
-6.345719,53.2963646,,
-6.3450602,53.2983476,,
-6.4057195,53.2887558,,
-6.3836602,53.2897458,,
-6.3788658,53.2852264,,
-6.3551,53.301052,,
-6.355719566,53.29790168,,
-6.3855748,53.297015,,
-6.3732111,53.2658423,,
-6.351,53.2833522,,
-6.396888,53.288996,,
-6.4063723,53.2822065,,
-6.3968182,53.2748144,,
-6.349378824,53.30300544,,
-6.349378824,53.30300544,,
-6.379430294,53.26933247,,
-6.376318,53.301224,,
-6.3503239,53.2855385,,
-6.3541008,53.289738,,
-6.3867085,53.294197,,
-6.3911831,53.2856541,,
-6.3824371,53.2848504,,
-6.369023323,53.2756586,,
-6.354455,53.271387,,
-6.3772622,53.3007258,,
-6.3234168,53.2975634,,
-6.311737,53.295073,,
-6.319336,53.3056823,,
-6.322594,53.298289,,
-6.320312,53.29807,,
-6.3164343,53.2994508,,
-6.311774,53.289715,,
-6.322296,53.301232,,
-6.301644,53.299198,,
-6.323267,53.299376,,
-6.28691,53.307875,,
-6.30563,53.298748,,
-6.307659,53.291534,,
-6.323595,53.298793,,
-6.310063,53.299866,,
-6.3199154,53.2875932,,
-6.321908,53.296962,,
-6.3297051,53.3024811,,
-6.315464973,53.29492635,,
-6.315464973,53.29492635,,
-6.315464973,53.29492635,,
-6.315464973,53.29492635,,
-6.315464973,53.29492635,,
-6.293953,53.310301,,
-6.323511,53.304878,,
-6.3245873,53.3078864,,
-6.299346,53.307236,,
-6.298271999,53.31204203,,
-6.285641,53.311124,,
-6.3088015,53.3030929,,
-6.300148,53.301913,,
-6.2966524,53.3133407,,
-6.287404,53.313373,,
-6.325715,53.308323,,
-6.308487,53.305301,,
-6.286703,53.314556,,
-6.2835779,53.3148123,,
-6.285969,53.308981,,
-6.2997273,53.3108018,,
-6.286774,53.309719,,
-6.2924669,53.3155427,,
-6.304126,53.305977,,
-6.301834,53.304985,,
-6.294393,53.312813,,
-6.287163,53.310111,,
-6.316047,53.306271,,
-6.29371,53.3158824,,
-6.2859936,53.3105544,,
-6.280116,53.313533,,
-6.2956805,53.3121816,,
-6.2923906,53.3146476,,
-6.297153,53.310755,,
-6.300968,53.303743,,
-6.283614,53.307931,,
-6.292464,53.3140417,,
-6.303757,53.301845,,
-6.30985,53.303131,,
-6.301023,53.310125,,
-6.29163,53.314041,,
-6.3041992,53.3066784,,
-6.2935402,53.3135974,,
-6.282313,53.3120739,,
-6.2901335,53.3128776,,
-6.291039,53.314692,,
-6.299711,53.302531,,
-6.299731046,53.30772748,,
-6.2824836,53.3111111,,
-6.285853,53.310772,,
-6.285853,53.310772,,
-6.304138744,53.30516181,,
-6.2858133,53.3081275,,
-6.296782,53.313547,,
-6.2858155,53.3108248,,
-6.290531158,53.3166082,,
-6.298556,53.371881,,
-6.280663,53.312036,,
-6.2860902,53.3076072,,
-6.304159,53.301796,,
-6.281567216,53.3161275,,
-6.281567216,53.3161275,,
-6.281567216,53.3161275,,
-6.281567216,53.3161275,,
-6.290037632,53.33387657,,
-6.376490593,53.46999155,,
-6.402169,53.480379,,
-6.37522459,53.47096992,,
-6.388215,53.422301,,
-6.384316,53.4191491,,
-6.3865914,53.4148966,,
-6.389272598,53.42070543,,
-6.3376163,53.3113016,,
-6.3241616,53.3219566,,
-6.3429364,53.3098722,,
-6.3252876,53.3178358,,
-6.326678,53.3221748,,
-6.339741,53.309634,,
-6.3170639,53.3243265,,
-6.325843,53.3220875,,
-6.325939894,53.32098341,,
-6.3357497,53.3231737,,
-6.329359635,53.32242278,,
-6.3352243,53.3170633,,
-6.331993,53.312899,,
-6.3187342,53.3180036,,
-6.347303,53.322826,,
-6.330155,53.314684,,
-6.3375422,53.320834,,
-6.329245235,53.31987973,,
-6.331993,53.312899,,
-6.228605,53.377904,,
-6.235231,53.379773,,
-6.23379,53.379629,,
-6.2495623,53.3821344,,
-6.247585,53.387333,,
-6.242143,53.383438,,
-6.25118,53.385661,,
-6.2408377,53.382194,,
-6.2498348,53.3840589,,
-6.23924,53.383376,,
-6.240502596,53.383034,,
-6.237160256,53.3850923,,
-6.240471,53.389544,,
-6.238976,53.38296,,
-6.2207415,53.3767286,,
-6.251413,53.395702,,
-6.250117,53.331135,,
-6.235808,53.316104,,
-6.2839811,53.3453687,,